id,sku,consumo_promedio_mensual,consumo_total_historico,num_meses_historico,fecha_primera_transaccion,fecha_ultima_transaccion,fecha_calculo
b52479e8-8c38-45c3-9c4f-781da64dfbff,REP-0097,134.74,18324.0,136,2015-03-31,2026-05-24,2026-06-17 13:59:55.765740
a63e249f-7300-409b-abba-65fc3d5ac100,REP-0205,73.49,10068.0,137,2015-02-24,2026-05-26,2026-06-17 13:59:55.765740
e2cdd0c7-0c37-4b6c-892d-9d5612cf3684,REP-0086,71.91,9636.0,134,2015-06-19,2026-05-25,2026-06-17 13:59:55.765740
1eadd5b1-d64f-4c74-8e4c-ddc491d349a4,REP-0207,64.53,8712.0,135,2015-05-18,2026-05-26,2026-06-17 13:59:55.765740
acd619c8-8ead-47ba-ac16-4c7eeb44d7d3,REP-0210,60.2,8248.0,137,2015-02-22,2026-05-25,2026-06-17 13:59:55.765740
06f66c76-2d64-492b-9971-06885462550d,REP-0070,61.08,7940.0,130,2015-09-24,2026-05-23,2026-06-17 13:59:55.765740
8a17741b-2314-4e7a-9735-d68a58815cfa,REP-0104,59.15,7808.0,132,2015-08-03,2026-05-22,2026-06-17 13:59:55.765740
e501567e-fe84-4cd4-a9bf-341687bbc8cf,REP-0723,54.09,7248.0,134,2015-06-20,2026-05-25,2026-06-17 13:59:55.765740
c5dfd321-8bd9-47b1-923e-6ae0c5a5dfd4,REP-0145,54.0,7128.0,132,2015-08-07,2026-05-26,2026-06-17 13:59:55.765740
ec5aa038-ed6d-4868-8c61-eb06050d4795,REP-0076,53.44,7108.0,133,2015-07-03,2026-05-19,2026-06-17 13:59:55.765740
d2b70905-0617-4b55-800b-7ed6735fffa2,REP-0915,52.06,6976.0,134,2015-06-20,2026-05-25,2026-06-17 13:59:55.765740
3a8f65c9-49f5-450a-a6ef-8001833f1250,REP-0032,53.51,6956.0,130,2015-09-30,2026-05-26,2026-06-17 13:59:55.765740
0128b694-19df-48f0-bffb-c53ba35a94d1,REP-0208,51.67,6872.0,133,2015-07-08,2026-05-24,2026-06-17 13:59:55.765740
e20a8c3c-1936-4c2c-8d5d-ea1e5d1f87e3,REP-0147,48.41,6632.0,137,2015-03-07,2026-05-23,2026-06-17 13:59:55.765740
8adcec1b-90ff-4d7f-83c9-547f1c006caa,REP-0320,50.4,6300.0,125,2016-02-28,2026-05-24,2026-06-17 13:59:55.765740
74ac9ac4-c28b-43c7-918c-5982b96ccae4,REP-0150,47.69,6200.0,130,2015-10-03,2026-05-23,2026-06-17 13:59:55.765740
73f8a24e-938c-408a-bd4d-926ed6c84fba,REP-0322,46.5,6184.0,133,2015-06-30,2026-05-22,2026-06-17 13:59:55.765740
88641e00-3a61-42ee-a3d5-3921552add8e,REP-0314,45.26,5748.0,127,2016-01-07,2026-05-26,2026-06-17 13:59:55.765740
9ed5e992-9c63-4b5a-a6e9-e463544725db,REP-0002,42.5,5568.0,131,2015-09-01,2026-05-25,2026-06-17 13:59:55.765740
0bc8c26e-8e6b-40b4-b123-cd6acd654dac,REP-0325,44.0,5412.0,123,2016-04-16,2026-05-24,2026-06-17 13:59:55.765740
163c3a7d-9a07-4d0a-8a42-f5738cec91a1,REP-0316,41.98,5332.0,127,2016-01-03,2026-05-22,2026-06-17 13:59:55.765740
24765890-bca3-4a0d-87f3-93ebb198c3fb,REP-0917,40.64,5324.0,131,2015-08-30,2026-05-19,2026-06-17 13:59:55.765740
f696d279-55c7-4b14-ba58-6d92db907397,REP-0148,39.85,5180.0,130,2015-09-18,2026-05-19,2026-06-17 13:59:55.765740
e0a58329-41c9-4722-be31-41edf10d8ce4,REP-0725,35.88,4772.0,133,2015-07-15,2026-05-26,2026-06-17 13:59:55.765740
516322a2-5011-4b85-9171-db64d6c4ae10,REP-0323,37.28,4660.0,125,2016-02-25,2026-05-20,2026-06-17 13:59:55.765740
2465d9ec-5608-4382-ab17-c92bfc92c6af,REP-0920,35.38,4564.0,129,2015-10-14,2026-05-18,2026-06-17 13:59:55.765740
1983acf7-3f83-4d0f-a513-8f2b304c1b60,REP-0606,34.39,4540.0,132,2015-08-01,2026-05-10,2026-06-17 13:59:55.765740
81d6ba57-7313-4723-a5a2-fa8cc572e4b0,REP-0319,35.09,4456.0,127,2016-01-03,2026-05-25,2026-06-17 13:59:55.765740
2685be81-c778-4790-a0ce-529fab5f9e8b,REP-0098,32.12,4400.0,137,2015-02-26,2026-05-25,2026-06-17 13:59:55.765740
527ce4ec-84a6-4e1b-9b55-2e2bfd3f7324,REP-0291,34.3,4356.0,127,2015-12-22,2026-05-22,2026-06-17 13:59:55.765740
706379af-5236-402f-bd0e-76120acaa643,REP-0008,33.47,4284.0,128,2015-11-22,2026-05-18,2026-06-17 13:59:55.765740
7dab8e80-b749-4e18-986c-4215c4f6fa82,REP-0647,32.0,4224.0,132,2015-07-25,2026-05-22,2026-06-17 13:59:55.765740
47129819-686f-403a-8afd-fcc8f58ee8c9,REP-0146,33.04,4196.0,127,2016-01-12,2026-05-26,2026-06-17 13:59:55.765740
b594aff1-d0b7-4cac-b6da-a09deacf3c4b,REP-0623,29.26,3980.0,136,2015-04-11,2026-05-26,2026-06-17 13:59:55.765740
692ea290-35d6-4035-a123-b18ba98fa3ce,REP-0020,30.09,3972.0,132,2015-08-01,2026-05-24,2026-06-17 13:59:55.765740
ad6a849f-aa13-48c2-b58c-f07882f59c36,REP-0605,29.85,3940.0,132,2015-07-30,2026-05-13,2026-06-17 13:59:55.765740
a21e7f23-7cf7-410b-8ecf-fbf89e760a3b,REP-0206,28.86,3896.0,135,2015-05-19,2026-05-24,2026-06-17 13:59:55.765740
1ff52807-cdbc-4083-9c3d-026e1421a8a5,REP-0918,28.03,3700.0,132,2015-07-12,2026-05-14,2026-06-17 13:59:55.765740
7be0b1d5-cdda-4787-8369-8491065a99b7,REP-0321,26.83,3568.0,133,2015-06-30,2026-05-19,2026-06-17 13:59:55.765740
6d0df635-949e-4aa5-a373-e562edd2f00e,REP-0728,25.88,3468.0,134,2015-06-20,2026-05-25,2026-06-17 13:59:55.765740
2d33f17c-80a1-431c-a493-470ef3d903e9,REP-0317,27.7,3380.0,122,2016-06-06,2026-05-25,2026-06-17 13:59:55.765740
2e601f27-b5d5-488a-a627-992ecaa2b93f,REP-0649,24.41,3368.0,138,2015-02-09,2026-05-16,2026-06-17 13:59:55.765740
2190c24e-915a-4caa-af8d-bb6bf99adf59,REP-0107,25.71,3316.0,129,2015-10-29,2026-05-18,2026-06-17 13:59:55.765740
f99886c6-e528-4e35-82ed-08532b77f775,REP-0285,26.65,3304.0,124,2016-03-26,2026-05-23,2026-06-17 13:59:55.765740
2cae9acc-0b95-432a-94a5-950fc0f269d2,REP-0293,26.52,3288.0,124,2016-04-07,2026-05-21,2026-06-17 13:59:55.765740
28882b52-806f-4b32-953f-60a3023917c9,REP-0085,25.35,3220.0,127,2015-12-19,2026-05-21,2026-06-17 13:59:55.765740
bea3deb0-ec62-4f0f-87ca-e14b7a1faac2,REP-0102,23.24,3184.0,137,2015-02-28,2026-05-25,2026-06-17 13:59:55.765740
24cfcc00-6ef5-443b-a956-ee19f52c744c,REP-0652,22.75,3140.0,138,2015-02-09,2026-05-20,2026-06-17 13:59:55.765740
295eacec-5cc1-4cda-9f7e-3e43ce175819,REP-0073,25.49,3084.0,121,2016-07-04,2026-05-26,2026-06-17 13:59:55.765740
1cd68745-662d-4bf5-bc89-6a5db690a51a,REP-0108,23.08,3024.0,131,2015-08-04,2026-05-05,2026-06-17 13:59:55.765740
fb3028c2-fb79-4b46-bd64-6a5fb98ac747,REP-0060,23.02,3016.0,131,2015-08-22,2026-05-12,2026-06-17 13:59:55.765740
62094438-6d07-4aaa-bd55-948b96015dc7,REP-0089,24.29,3012.0,124,2016-04-13,2026-05-22,2026-06-17 13:59:55.765740
af7a814f-989d-4c9c-96f7-d03142225e95,REP-0916,22.69,2972.0,131,2015-09-06,2026-05-26,2026-06-17 13:59:55.765740
80231c41-a1f7-45ea-ab55-d0cfab892467,REP-0625,22.08,2936.0,133,2015-07-18,2026-05-23,2026-06-17 13:59:55.765740
06828663-230d-4b52-9339-97e6d6f761e2,REP-0132,23.54,2872.0,122,2016-06-04,2026-05-23,2026-06-17 13:59:55.765740
29551cb3-1783-4eeb-949b-60d020d6528f,REP-0296,22.17,2816.0,127,2015-12-22,2026-05-01,2026-06-17 13:59:55.765740
b7eeb700-7813-47cc-8bd5-0d2b3be4702f,REP-0628,20.32,2804.0,138,2015-02-09,2026-05-25,2026-06-17 13:59:55.765740
4c4e819f-5f66-4bcb-b9cd-080a5d3f8c57,REP-0297,21.89,2780.0,127,2015-12-22,2026-05-23,2026-06-17 13:59:55.765740
09bcddad-84fc-43b6-a9eb-2da9a33e91d4,REP-0149,21.02,2732.0,130,2015-09-25,2026-05-19,2026-06-17 13:59:55.765740
b16e500b-cc69-4189-953e-e8b4edaa2cf6,REP-0294,21.1,2616.0,124,2016-03-28,2026-05-22,2026-06-17 13:59:55.765740
b8431c39-09e6-4082-b355-1ef6ef69ca57,REP-0110,19.82,2596.0,131,2015-08-03,2026-05-04,2026-06-17 13:59:55.765740
5acd88a6-777e-4866-9bd8-d57fdf9b32f0,REP-0726,20.48,2580.0,126,2016-01-20,2026-05-01,2026-06-17 13:59:55.765740
3e83f7b0-2caa-4cc2-b5e3-fb56f446567e,REP-0287,20.51,2564.0,125,2016-02-29,2026-05-22,2026-06-17 13:59:55.765740
20e875f0-c534-4a28-8b3b-f934e5ccdb64,REP-0134,19.69,2560.0,130,2015-10-15,2026-05-24,2026-06-17 13:59:55.765740
2a702e60-e0ae-40ea-97a1-54e9efd7add3,REP-0650,19.84,2560.0,129,2015-10-17,2026-05-17,2026-06-17 13:59:55.765740
33c87781-e34c-41a2-9fbc-bf32e53724a4,REP-0893,19.84,2560.0,129,2015-10-20,2026-05-19,2026-06-17 13:59:55.765740
a9ba1bd7-8022-467e-a7bf-48190426a973,REP-0126,20.78,2556.0,123,2016-04-24,2026-05-24,2026-06-17 13:59:55.765740
b9142b49-3c45-4af4-8d7a-a37644cd2f20,REP-0077,21.3,2556.0,120,2016-07-09,2026-05-17,2026-06-17 13:59:55.765740
85c327f5-6321-469e-b9f8-0620b5195d3c,REP-0001,19.38,2520.0,130,2015-09-22,2026-05-26,2026-06-17 13:59:55.765740
c33c68bf-10c2-4695-836b-9dc148b2d00a,REP-0881,18.65,2480.0,133,2015-06-20,2026-05-22,2026-06-17 13:59:55.765740
13e5ffd0-2f12-4b03-9363-d703a3fa445e,REP-0315,20.03,2464.0,123,2016-04-17,2026-05-23,2026-06-17 13:59:55.765740
bf02ac1d-7c9f-40ba-b942-9a26a48917fb,REP-0096,19.12,2428.0,127,2015-12-19,2026-05-25,2026-06-17 13:59:55.765740
81aab4d9-0c00-47da-a038-442c7b8aa4ba,REP-0290,19.52,2420.0,124,2016-04-13,2026-05-23,2026-06-17 13:59:55.765740
f48bf689-e55e-42de-b73d-46c5ecc555b7,REP-0113,18.41,2412.0,131,2015-08-04,2026-05-04,2026-06-17 13:59:55.765740
356cb9d1-90c3-424e-8e4e-739aef82d02a,REP-0267,17.82,2388.0,134,2015-06-09,2026-05-22,2026-06-17 13:59:55.765740
f90d781a-332c-46cb-a87b-3e59e011fd00,REP-0626,18.09,2316.0,128,2015-12-07,2026-05-23,2026-06-17 13:59:55.765740
a461505d-6c5d-486b-af0c-419594239718,REP-0525,16.92,2284.0,135,2015-04-17,2026-05-18,2026-06-17 13:59:55.765740
73f513ad-6871-4312-8942-9a03fe07d843,REP-0071,17.72,2268.0,128,2015-11-28,2026-05-23,2026-06-17 13:59:55.765740
6dfecdc8-fb11-426e-9db9-36328da2934e,REP-0005,17.35,2256.0,130,2015-09-22,2026-05-24,2026-06-17 13:59:55.765740
d5cfb2e0-be2b-47b3-8442-8a7f1ccc1d8c,REP-0724,18.73,2248.0,120,2016-07-29,2026-05-24,2026-06-17 13:59:55.765740
bdbdfb20-192f-4d83-80c3-593ce88129e6,REP-0128,16.82,2204.0,131,2015-08-27,2026-05-15,2026-06-17 13:59:55.765740
be0809c0-d219-4eb9-b6a7-a12d22ecef07,REP-0273,16.39,2196.0,134,2015-05-24,2026-05-21,2026-06-17 13:59:55.765740
440eae6a-f0ef-45fd-9125-1b8e4cc64158,REP-0137,17.58,2180.0,124,2016-03-10,2026-05-11,2026-06-17 13:59:55.765740
e6c65e42-64a1-49a3-8088-1bf5282078a4,REP-0609,16.52,2164.0,131,2015-08-19,2026-05-17,2026-06-17 13:59:55.765740
de371105-98ec-4dd5-b916-afc8cf6dc353,REP-0895,17.08,2152.0,126,2016-01-26,2026-05-19,2026-06-17 13:59:55.765740
6f05cd94-54ab-4fe8-b8e3-c413cae3a245,REP-0607,16.4,2132.0,130,2015-08-21,2026-04-09,2026-06-17 13:59:55.765740
50e68acd-aa4b-4257-9ce9-f38aad884328,REP-0527,15.67,2116.0,135,2015-04-30,2026-05-25,2026-06-17 13:59:55.765740
a5a0e7e1-83c4-4369-9cb5-121d038d932a,REP-0103,15.39,2108.0,137,2015-02-27,2026-05-25,2026-06-17 13:59:55.765740
1a00c67d-3cd2-4499-990d-8e4fc62d28bf,REP-0648,16.34,2108.0,129,2015-10-28,2026-05-21,2026-06-17 13:59:55.765740
09a912fd-b53b-4c35-b552-706418dd3bbd,REP-0530,15.41,2096.0,136,2015-04-16,2026-05-20,2026-06-17 13:59:55.765740
94ffc7a6-a587-4e8d-a25b-22af28d1abeb,REP-0324,16.13,2064.0,128,2015-10-18,2026-03-26,2026-06-17 13:59:55.765740
94191e20-c940-4266-877c-233e318ba35d,REP-0919,15.84,2044.0,129,2015-11-08,2026-05-16,2026-06-17 13:59:55.765740
ad44265d-1f5d-4db4-a588-e0d626b52ca1,REP-0111,14.86,2036.0,137,2015-02-28,2026-05-19,2026-06-17 13:59:55.765740
c6ac5644-f6aa-4cea-a1e7-4f8e9b92ccb4,REP-0730,15.16,2016.0,133,2015-07-20,2026-05-25,2026-06-17 13:59:55.765740
29888c3e-cc18-4998-8089-87b1a30ce609,REP-0209,15.33,2008.0,131,2015-09-02,2026-05-19,2026-06-17 13:59:55.765740
37957a8e-7203-44cf-b6f9-437ee3369dd4,REP-0299,16.84,2004.0,119,2016-08-21,2026-05-21,2026-06-17 13:59:55.765740
9b0dd24d-b222-423f-98c8-425d4c5208f4,REP-0269,15.2,1976.0,130,2015-09-17,2026-05-21,2026-06-17 13:59:55.765740
7e5f8bd9-f23e-4b66-895f-7b062310d5e0,REP-0887,14.71,1956.0,133,2015-07-14,2026-05-18,2026-06-17 13:59:55.765740
2149fb96-a1ec-4b52-95cb-ffb35ddffb36,REP-0275,14.44,1892.0,131,2015-08-31,2026-05-23,2026-06-17 13:59:55.765740
3ba28de4-a8ff-4cfa-bb55-42d2fa258f86,REP-0528,13.91,1892.0,136,2015-04-17,2026-05-21,2026-06-17 13:59:55.765740
99a03c63-b56d-4008-8bc7-1ebc1df39a33,REP-0608,13.88,1832.0,132,2015-08-03,2026-05-21,2026-06-17 13:59:55.765740
79bc5eef-f10c-4009-aadc-7456e0db70b1,REP-0131,14.98,1828.0,122,2016-05-19,2026-05-12,2026-06-17 13:59:55.765740
43f534fb-ef32-4c92-bdb5-fbe25180e48d,REP-0898,13.71,1824.0,133,2015-06-20,2026-05-15,2026-06-17 13:59:55.765740
ed44cb84-45fa-4f49-a245-38611aa163a8,REP-0292,13.39,1808.0,135,2015-05-02,2026-05-10,2026-06-17 13:59:55.765740
4ca27949-6e98-4023-af9c-2e085aff1424,REP-0272,13.8,1808.0,131,2015-08-12,2026-05-15,2026-06-17 13:59:55.765740
e7a6ae93-9e5c-462b-8bb5-8773c940082e,REP-0084,14.43,1804.0,125,2016-03-04,2026-05-22,2026-06-17 13:59:55.765740
3f8c74dd-2e84-40bd-8872-5d06ca258602,REP-0301,15.82,1804.0,114,2017-01-16,2026-05-21,2026-06-17 13:59:55.765740
e37837f8-86b1-4d12-9c14-e1e72fcd44b6,REP-0433,14.52,1800.0,124,2016-03-26,2026-05-22,2026-06-17 13:59:55.765740
48d4cfd4-e5a9-45c1-a5c5-67f5fad8250a,REP-0012,13.82,1796.0,130,2015-09-25,2026-05-24,2026-06-17 13:59:55.765740
3b1e4b27-cc0d-4a36-a97e-c16784c00c65,REP-0629,13.34,1788.0,134,2015-06-15,2026-05-23,2026-06-17 13:59:55.765740
a83457ed-afc2-482b-bad7-1a6ef363215d,REP-0883,13.56,1776.0,131,2015-09-01,2026-05-25,2026-06-17 13:59:55.765740
ceb5c589-526f-4f71-a7fe-bf6edbc28b97,REP-0624,12.82,1744.0,136,2015-04-10,2026-05-24,2026-06-17 13:59:55.765740
bd60e2eb-8436-47fa-94ab-75419dd3e4d8,REP-0261,13.51,1716.0,127,2016-01-10,2026-05-21,2026-06-17 13:59:55.765740
92be07f3-1008-42b6-a3a0-448d0ae8b4d6,REP-0886,14.08,1676.0,119,2016-08-15,2026-05-18,2026-06-17 13:59:55.765740
118035c8-3694-4e5c-90d4-2dc73776d5b5,REP-0135,13.03,1668.0,128,2015-11-26,2026-05-21,2026-06-17 13:59:55.765740
856f51c1-cb72-4ce4-be5f-272fc0c30731,REP-0007,12.71,1652.0,130,2015-09-21,2026-05-25,2026-06-17 13:59:55.765740
75569aab-bdca-4718-a4a1-acdc58f89969,REP-0278,12.3,1648.0,134,2015-05-24,2026-05-12,2026-06-17 13:59:55.765740
9d4a676e-2f47-4630-a6d0-d2e4f0fd3ece,REP-0575,12.18,1644.0,135,2015-04-18,2026-05-07,2026-06-17 13:59:55.765740
828c0bb2-6d54-4bca-8399-5d15ea5ead9a,REP-0435,13.33,1640.0,123,2016-05-07,2026-05-23,2026-06-17 13:59:55.765740
a021d887-1668-47ff-9428-887dfbf400d6,REP-0587,12.03,1636.0,136,2015-04-18,2026-05-24,2026-06-17 13:59:55.765740
ff5be861-f3fe-48b4-98a3-c32a55a35df4,REP-0651,12.99,1624.0,125,2016-03-08,2026-05-22,2026-06-17 13:59:55.765740
bacb9a4f-8587-46e4-bb57-1c11149cee3e,REP-0899,12.24,1604.0,131,2015-08-30,2026-05-19,2026-06-17 13:59:55.765740
be9453f1-83e4-4985-b554-f7260910e684,REP-0631,12.5,1588.0,127,2015-12-08,2026-05-12,2026-06-17 13:59:55.765740
3bf0e5b4-4074-449b-a10f-9e66a5534e2f,REP-0308,11.7,1556.0,133,2015-06-16,2026-05-19,2026-06-17 13:59:55.765740
a3384106-1ff3-4560-b6a2-8d6e01929d0d,REP-0634,11.7,1544.0,132,2015-06-14,2026-04-05,2026-06-17 13:59:55.765740
b218381f-c560-49f4-9949-3c246d809c1b,REP-0187,11.54,1512.0,131,2015-09-10,2026-05-23,2026-06-17 13:59:55.765740
ad8c73d2-886d-47a4-963d-7f8b04b9bcd6,REP-0079,12.57,1508.0,120,2016-07-29,2026-05-20,2026-06-17 13:59:55.765740
aec88a44-5588-49dc-90da-5fc73b0558d3,REP-0445,11.66,1504.0,129,2015-11-17,2026-05-25,2026-06-17 13:59:55.765740
29496ed6-3b86-4c39-a90d-86a0e2babb3c,REP-0004,12.85,1504.0,117,2016-10-27,2026-05-25,2026-06-17 13:59:55.765740
06d3606a-7ec9-418e-ac8d-9e4b31596a73,REP-0099,12.23,1492.0,122,2016-06-03,2026-05-23,2026-06-17 13:59:55.765740
24295039-2d50-4165-99b1-819b84f8d9ce,REP-0021,10.99,1484.0,135,2015-04-15,2026-05-04,2026-06-17 13:59:55.765740
cee9c947-37f4-4c33-84ff-e5bc4f2cf99d,REP-0653,11.47,1480.0,129,2015-11-04,2026-05-23,2026-06-17 13:59:55.765740
0696a25c-3f7b-4217-8cbd-99e5b4e1fb54,REP-0911,11.15,1472.0,132,2015-07-20,2026-05-18,2026-06-17 13:59:55.765740
4f554860-3366-467e-b194-1fd95166b6f9,REP-0310,11.04,1468.0,133,2015-06-17,2026-05-18,2026-06-17 13:59:55.765740
4bc827dc-8afb-485b-8c02-cf62b66e3c86,REP-0193,10.69,1464.0,137,2015-02-28,2026-05-24,2026-06-17 13:59:55.765740
69936db6-cc59-4254-a3ed-2c1dec60b518,REP-0195,12.17,1460.0,120,2016-07-24,2026-05-15,2026-06-17 13:59:55.765740
62ae26ba-0473-4ea9-bff2-a9393ccf2865,REP-0593,10.68,1452.0,136,2015-04-16,2026-05-24,2026-06-17 13:59:55.765740
081c25a2-05eb-48ee-8e1d-4b15d301076b,REP-0438,11.71,1440.0,123,2016-05-11,2026-05-23,2026-06-17 13:59:55.765740
52d24e8d-5848-42f5-b081-54d7db3da663,REP-0526,10.82,1428.0,132,2015-08-06,2026-05-11,2026-06-17 13:59:55.765740
75ea49d6-de21-4660-b879-cc11d35a2d52,REP-0091,12.03,1408.0,117,2016-10-27,2026-05-22,2026-06-17 13:59:55.765740
4b73a757-dc9b-48a4-9b0c-0635d8f69a48,REP-0255,11.97,1400.0,117,2016-08-28,2026-04-07,2026-06-17 13:59:55.765740
b89b0f95-bf89-4bcb-9066-d8b595a835b5,REP-0300,11.38,1400.0,123,2016-03-26,2026-04-27,2026-06-17 13:59:55.765740
1b35a797-7a5e-4cb1-bf05-dc682c7471a0,REP-0580,11.44,1396.0,122,2016-05-29,2026-05-26,2026-06-17 13:59:55.765740
994415bd-e291-4394-9b4c-cd6237891065,REP-0595,10.18,1384.0,136,2015-04-11,2026-05-20,2026-06-17 13:59:55.765740
ef23b4c2-5263-42c2-bb19-6b4b0b8957f1,REP-0006,11.12,1368.0,123,2016-04-24,2026-05-14,2026-06-17 13:59:55.765740
ffd6030d-f217-483a-96d4-c31b0b868245,REP-0889,11.33,1360.0,120,2016-07-13,2026-05-17,2026-06-17 13:59:55.765740
66425fbc-d72f-4816-84fe-3acd1bc40b51,REP-0610,10.93,1344.0,123,2016-04-21,2026-05-17,2026-06-17 13:59:55.765740
3967585a-e457-4cc3-8888-9b5085edfc9a,REP-0263,10.34,1344.0,130,2015-10-04,2026-05-20,2026-06-17 13:59:55.765740
4ca5a3d3-6657-4843-9581-f45b49e25cb0,REP-0589,9.82,1336.0,136,2015-04-12,2026-05-25,2026-06-17 13:59:55.765740
e5957015-7294-439b-9689-6ebacf52aeda,REP-0627,11.06,1316.0,119,2016-07-19,2026-04-09,2026-06-17 13:59:55.765740
86f8f905-b11c-400e-8f69-e22735952c55,REP-0447,10.14,1308.0,129,2015-11-15,2026-05-24,2026-06-17 13:59:55.765740
c1097d65-fa55-480b-bf0b-ffd116f46cbf,REP-0994,9.68,1288.0,133,2015-06-05,2026-04-23,2026-06-17 13:59:55.765740
f0e59dab-1579-4186-9d13-b9445d0552e5,REP-0318,10.24,1280.0,125,2016-03-01,2026-05-18,2026-06-17 13:59:55.765740
9f571361-c945-43db-8b1f-5d3256b69ff5,REP-0198,9.31,1276.0,137,2015-03-01,2026-05-04,2026-06-17 13:59:55.765740
17ba2b00-2b30-48c9-a779-0281932fe7e6,REP-0577,10.29,1276.0,124,2016-02-12,2026-04-20,2026-06-17 13:59:55.765740
458cffda-79cf-419e-b944-4d47fb6b0c75,REP-0288,10.02,1272.0,127,2015-12-21,2026-05-20,2026-06-17 13:59:55.765740
18d8b681-fe14-4510-aaf4-2cb2809ef4a9,REP-0436,10.35,1252.0,121,2016-06-14,2026-05-21,2026-06-17 13:59:55.765740
e8864335-2f63-463b-a582-3343947079f0,REP-0313,9.32,1240.0,133,2015-06-11,2026-05-08,2026-06-17 13:59:55.765740
39d79c86-8c59-40f4-a2ac-e776ff5406cf,REP-0592,10.05,1236.0,123,2016-05-07,2026-05-24,2026-06-17 13:59:55.765740
6db04e89-d8a2-45bf-9ecc-e713874baf98,REP-0189,9.55,1232.0,129,2015-11-13,2026-05-20,2026-06-17 13:59:55.765740
a56c4526-f500-4179-afee-460acb1ff858,REP-0138,9.45,1228.0,130,2015-10-05,2026-05-18,2026-06-17 13:59:55.765740
d4633205-12f6-46eb-94dd-ed6df1aaf95b,REP-0144,9.42,1224.0,130,2015-10-04,2026-05-17,2026-06-17 13:59:55.765740
21c4e97b-33a2-482f-a409-e26aabc2f775,REP-0901,10.37,1224.0,118,2016-10-04,2026-05-25,2026-06-17 13:59:55.765740
06ce69a9-80c4-40ba-b322-483d0a318275,REP-0270,9.13,1224.0,134,2015-06-07,2026-05-22,2026-06-17 13:59:55.765740
cfc5edb3-d7a8-4b18-9e1c-f5d2037d1608,REP-0003,9.35,1216.0,130,2015-09-23,2026-05-22,2026-06-17 13:59:55.765740
77b34312-6118-4ec5-887a-7adb527eea32,REP-0632,9.51,1208.0,127,2015-12-29,2026-05-15,2026-06-17 13:59:55.765740
1f247c1e-fa34-4af4-bf54-775c02d2a57d,REP-0655,9.36,1208.0,129,2015-10-30,2026-05-16,2026-06-17 13:59:55.765740
7a82dcb5-7edf-4438-a5d3-f43c70fe3a8d,REP-0665,9.3,1200.0,129,2015-11-04,2026-05-17,2026-06-17 13:59:55.765740
c2d85deb-ded2-4233-9234-1f16cd1a83d3,REP-0311,8.96,1200.0,134,2015-06-08,2026-05-18,2026-06-17 13:59:55.765740
ddad2d17-78d4-4f3c-a4b2-8275b86f9dbd,REP-0598,8.82,1200.0,136,2015-04-14,2026-05-25,2026-06-17 13:59:55.765740
c626d635-312c-4b93-a672-13cc2007e612,REP-0237,8.99,1196.0,133,2015-06-25,2026-05-24,2026-06-17 13:59:55.765740
d5da9f4a-6ab7-4e59-a49b-8ddb546e9997,REP-0266,8.99,1196.0,133,2015-06-07,2026-05-04,2026-06-17 13:59:55.765740
7bc73932-974d-418d-98d1-650db6b22d6d,REP-0521,8.8,1188.0,135,2015-05-06,2026-05-21,2026-06-17 13:59:55.765740
e4d9675f-8c1e-4291-a67b-ecad6525d226,REP-0519,8.9,1184.0,133,2015-06-25,2026-05-11,2026-06-17 13:59:55.765740
97b9757b-ab1a-4826-8af5-578d1383f9c3,REP-0056,8.75,1172.0,134,2015-05-22,2026-05-19,2026-06-17 13:59:55.765740
9d81dc81-5df0-4d00-9001-6850eb814e4b,REP-0106,9.61,1172.0,122,2016-04-11,2026-04-06,2026-06-17 13:59:55.765740
77881c82-39a1-40c8-ae7e-41ef05e25506,REP-0192,8.96,1156.0,129,2015-11-04,2026-05-22,2026-06-17 13:59:55.765740
9c6b66a1-4d01-489a-9420-c7cab9e09447,REP-0286,9.4,1156.0,123,2016-04-15,2026-05-21,2026-06-17 13:59:55.765740
1ca5307e-e519-4c21-b255-dd4b0c28ff68,REP-0904,8.82,1156.0,131,2015-08-31,2026-05-16,2026-06-17 13:59:55.765740
f130771f-e2e8-48cd-a0ce-d7648197be19,REP-0859,9.01,1144.0,127,2015-12-30,2026-05-13,2026-06-17 13:59:55.765740
dcfd6c35-a67e-4523-8978-d2e4a26f8800,REP-0450,9.34,1140.0,122,2016-05-31,2026-05-25,2026-06-17 13:59:55.765740
d9ad8dec-34ec-4668-8575-5ac93a341436,REP-0129,9.74,1140.0,117,2016-09-01,2026-03-21,2026-06-17 13:59:55.765740
62c8b898-ea5e-409b-a4f5-4cc8154dacba,REP-0276,8.48,1136.0,134,2015-06-09,2026-05-20,2026-06-17 13:59:55.765740
dbfda88c-464f-4d26-ad0a-3b07cf38a024,REP-0658,8.68,1120.0,129,2015-10-31,2026-05-15,2026-06-17 13:59:55.765740
a5a93135-5044-46e0-ba71-d394f95b0cde,REP-0596,8.98,1104.0,123,2016-05-01,2026-05-23,2026-06-17 13:59:55.765740
3d6fa6ab-b700-4318-a719-c16eefae6b3d,REP-0196,8.98,1096.0,122,2016-06-02,2026-05-16,2026-06-17 13:59:55.765740
d46636bc-3e03-41fb-a471-9431dc801f60,REP-0590,8.91,1096.0,123,2016-05-06,2026-05-25,2026-06-17 13:59:55.765740
65cf4131-d145-41cc-bf03-d5e6f3a32389,REP-0896,10.4,1092.0,105,2017-10-07,2026-05-18,2026-06-17 13:59:55.765740
7507143b-894d-4bbc-973a-15de7301094b,REP-0109,9.2,1076.0,117,2016-10-06,2026-05-14,2026-06-17 13:59:55.765740
1457fe41-c64f-4354-a251-3cdba308fad2,REP-0448,8.25,1064.0,129,2015-11-17,2026-05-24,2026-06-17 13:59:55.765740
952f0935-d3e6-4b18-876f-7797f6cf4a05,REP-0309,8.51,1064.0,125,2016-02-26,2026-05-20,2026-06-17 13:59:55.765740
a5b9abac-d353-4e3d-983f-6239051d02df,REP-0630,8.77,1052.0,120,2016-06-26,2026-04-13,2026-06-17 13:59:55.765740
47b894a3-4232-45c7-bfa3-d1e737593686,REP-0635,7.7,1040.0,135,2015-05-03,2026-05-21,2026-06-17 13:59:55.765740
860b32fa-00ff-41a5-9a0e-1f2b7678ec5f,REP-0217,7.79,1020.0,131,2015-08-26,2026-05-24,2026-06-17 13:59:55.765740
eb12d436-9684-49a0-aada-acbe82c260a4,REP-0295,8.99,1016.0,113,2016-11-17,2026-02-04,2026-06-17 13:59:55.765740
ba5ccaac-75f9-473b-b97c-68d19d98a5f9,REP-0667,7.81,1008.0,129,2015-11-01,2026-05-14,2026-06-17 13:59:55.765740
b2d9c1b3-537b-4604-847f-472d16daee71,REP-0446,8.2,1008.0,123,2016-04-30,2026-05-22,2026-06-17 13:59:55.765740
ba87f730-914f-432e-a903-007168655207,REP-0892,7.66,1004.0,131,2015-08-31,2026-05-10,2026-06-17 13:59:55.765740
5e63e8bc-3caf-4bfa-9d9f-bb913f73a72a,REP-0239,7.3,1000.0,137,2015-02-27,2026-05-21,2026-06-17 13:59:55.765740
bdb5bb9f-8864-4c87-97ac-8c4b6bf5a81b,REP-0882,8.47,1000.0,118,2016-08-15,2026-03-29,2026-06-17 13:59:55.765740
af1e0565-ef58-4802-8b9c-90fa7f3d508b,REP-0087,9.41,988.0,105,2017-10-08,2026-05-17,2026-06-17 13:59:55.765740
bb3cef24-5ca2-4c3e-8a86-3ff8b9816f61,REP-0100,7.75,984.0,127,2016-01-12,2026-05-20,2026-06-17 13:59:55.765740
2c261fd5-59ea-4e6d-b599-e725f855ce11,REP-0529,7.93,976.0,123,2016-04-23,2026-05-22,2026-06-17 13:59:55.765740
a3c007bf-07cf-4bd6-bc72-4a90b170e52e,REP-0670,7.5,968.0,129,2015-10-28,2026-05-13,2026-06-17 13:59:55.765740
ab003e3e-8467-4fb2-86cf-47dca2577887,REP-0524,7.93,968.0,122,2016-05-24,2026-05-19,2026-06-17 13:59:55.765740
50bd7fec-4e5d-42c3-a757-c8a0f69fd276,REP-0996,7.27,960.0,132,2015-07-14,2026-05-02,2026-06-17 13:59:55.765740
a91132a9-316e-42fe-aa7b-8f21b96e7b46,REP-0268,7.62,952.0,125,2016-02-22,2026-05-19,2026-06-17 13:59:55.765740
90e535dd-5d93-4e04-b67f-29062d68bc4a,REP-0421,8.14,952.0,117,2016-10-30,2026-05-22,2026-06-17 13:59:55.765740
2f1a04b8-4290-412a-9b51-c560e24f255e,REP-0578,7.35,948.0,129,2015-11-07,2026-05-25,2026-06-17 13:59:55.765740
ef75c1f1-650a-4002-b101-1457ab9c2c51,REP-0140,7.83,948.0,121,2016-06-17,2026-05-17,2026-06-17 13:59:55.765740
82b4aef4-4a02-4da9-b0cb-e8726391b21f,REP-0219,7.08,928.0,131,2015-08-23,2026-05-17,2026-06-17 13:59:55.765740
845eb120-884b-4f27-bf9a-de98da7d257c,REP-0075,7.42,920.0,124,2016-04-08,2026-05-17,2026-06-17 13:59:55.765740
c12c6fb8-4819-4b9d-8480-e824abd8aa56,REP-0434,7.66,912.0,119,2016-08-17,2026-05-23,2026-06-17 13:59:55.765740
d6818506-1b29-48cb-b02c-6fe8f411679e,REP-0884,7.63,908.0,119,2016-08-30,2026-05-24,2026-06-17 13:59:55.765740
ac6f6261-e6b0-4797-a3c3-e9044366fe15,REP-0567,6.87,900.0,131,2015-09-09,2026-05-24,2026-06-17 13:59:55.765740
1faf23a0-7e78-41ed-b31d-61a51013b41e,REP-0727,7.06,896.0,127,2016-01-01,2026-05-22,2026-06-17 13:59:55.765740
fac78bd4-cd0b-44e7-98c7-6bd2c2e06249,REP-0264,6.63,888.0,134,2015-06-11,2026-05-23,2026-06-17 13:59:55.765740
ebd8791f-09a6-48f1-84e0-a9fe716cd889,REP-0114,6.7,884.0,132,2015-08-06,2026-05-12,2026-06-17 13:59:55.765740
4b337a61-29cc-48e2-962b-76d023f63c28,REP-0112,8.07,880.0,109,2017-07-01,2026-05-23,2026-06-17 13:59:55.765740
e22bd056-a6f5-411a-821b-85c8ca2399c1,REP-0429,6.47,880.0,136,2015-04-18,2026-05-22,2026-06-17 13:59:55.765740
78a0f857-12b6-4966-8cca-ee41ad00d9b9,REP-0242,6.72,880.0,131,2015-08-26,2026-05-25,2026-06-17 13:59:55.765740
cd0b3f9f-55c5-4c1d-8521-8ad842577135,REP-0427,7.79,880.0,113,2017-03-06,2026-05-19,2026-06-17 13:59:55.765740
e5f88a69-681e-4155-a986-fec84e7786e9,REP-0190,6.82,880.0,129,2015-11-07,2026-05-18,2026-06-17 13:59:55.765740
f375e2ed-ff65-4a83-be5c-761ca63bc3de,REP-0588,7.04,880.0,125,2016-02-08,2026-05-16,2026-06-17 13:59:55.765740
dc2e1b48-7dd5-4d0c-944a-6261be53c281,REP-0890,6.79,876.0,129,2015-10-02,2026-05-04,2026-06-17 13:59:55.765740
2b95fa3b-0d7e-4e31-b156-e6bf92bcda5d,REP-0894,6.5,864.0,133,2015-06-21,2026-05-17,2026-06-17 13:59:55.765740
b2c2b10f-2198-4c55-a009-df84ba7a704c,REP-0257,7.78,856.0,110,2017-04-18,2026-05-01,2026-06-17 13:59:55.765740
63046244-3bcf-447b-a2af-006236f71b20,REP-0222,6.89,848.0,123,2016-04-16,2026-05-20,2026-06-17 13:59:55.765740
641d3493-0c58-43fb-a3ca-a38ccddef5ee,REP-0312,6.3,844.0,134,2015-06-17,2026-05-22,2026-06-17 13:59:55.765740
c054bbaa-d9f6-4154-aecc-3af5505d417f,REP-0594,6.65,844.0,127,2015-12-22,2026-05-24,2026-06-17 13:59:55.765740
580902c5-ae25-4eb1-9e6d-e316e676793e,REP-0637,6.56,840.0,128,2015-11-21,2026-05-24,2026-06-17 13:59:55.765740
438beaa2-1134-4f29-80f2-f56b824e0931,REP-0423,7.12,840.0,118,2016-09-12,2026-05-20,2026-06-17 13:59:55.765740
dc0ddb16-91c7-4158-823c-ee5a49a8f9e3,REP-0633,6.51,840.0,129,2015-10-24,2026-05-13,2026-06-17 13:59:55.765740
ef886ca8-b988-46c0-a21f-b2c28ba5f57b,REP-0194,6.8,836.0,123,2016-04-17,2026-05-18,2026-06-17 13:59:55.765740
48f56138-cc6f-47cb-9ec4-c390060f1a0d,REP-0507,6.43,836.0,130,2015-09-26,2026-05-25,2026-06-17 13:59:55.765740
4151ed3b-872e-46a9-bb56-127e261f0d8f,REP-0656,6.06,836.0,138,2015-02-09,2026-05-13,2026-06-17 13:59:55.765740
90e3a21f-c4b7-4e5c-9ca6-7a3e583350df,REP-0143,6.99,832.0,119,2016-08-26,2026-05-16,2026-06-17 13:59:55.765740
88064645-1bf3-4785-a0b6-fd4e4a01d36b,REP-0133,6.68,828.0,124,2016-03-10,2026-05-11,2026-06-17 13:59:55.765740
64f7dd08-0573-4f45-bb2b-056048a72d97,REP-0861,6.61,820.0,124,2016-04-08,2026-05-22,2026-06-17 13:59:55.765740
c0527acf-41dc-4f19-b378-c4be4c4a96aa,REP-0513,6.0,816.0,136,2015-04-20,2026-05-24,2026-06-17 13:59:55.765740
100c5eaf-dff2-4606-afbf-5c64522dc7c3,REP-0913,5.97,776.0,130,2015-10-16,2026-05-22,2026-06-17 13:59:55.765740
1eb7c4e2-33d0-4b52-aae4-52ecbac5b575,REP-0092,6.24,768.0,123,2016-04-25,2026-05-05,2026-06-17 13:59:55.765740
acbe9339-5121-431a-9685-620deb68f845,REP-0736,5.79,764.0,132,2015-07-30,2026-05-25,2026-06-17 13:59:55.765740
0587b0fe-9c9f-4492-867f-3ee146d1eb9c,REP-0902,6.71,752.0,112,2017-03-18,2026-05-10,2026-06-17 13:59:55.765740
ee0bfef7-656a-4277-805b-e7dc58c3c5bf,REP-0260,6.16,752.0,122,2016-04-05,2026-04-06,2026-06-17 13:59:55.765740
eb82af05-7f1f-489b-96ea-0bc2b4c16cb7,REP-0576,6.13,748.0,122,2016-05-28,2026-05-14,2026-06-17 13:59:55.765740
189cb420-b571-48cc-9152-b629cba79bee,REP-0426,5.72,744.0,130,2015-09-19,2026-05-22,2026-06-17 13:59:55.765740
fa187c6c-0ca0-42a3-83df-66927b6276a8,REP-0449,5.89,736.0,125,2016-02-21,2026-05-24,2026-06-17 13:59:55.765740
97576fec-f764-4086-bc90-1f6d23092304,REP-0039,6.33,728.0,115,2016-12-21,2026-05-24,2026-06-17 13:59:55.765740
0d74098d-fc6e-41c2-81cd-b376d97a3946,REP-0120,5.66,724.0,128,2015-11-18,2026-05-21,2026-06-17 13:59:55.765740
056921df-6c75-4bed-8815-3a2ebef4f2f0,REP-0640,5.63,720.0,128,2015-11-23,2026-05-23,2026-06-17 13:59:55.765740
3db229f6-d99a-4b5d-9c17-2b1d8c10409a,REP-0231,5.55,716.0,129,2015-11-11,2026-05-19,2026-06-17 13:59:55.765740
d5e3fe7b-1781-4536-a3c7-e73e4d550602,REP-0432,5.27,712.0,135,2015-04-18,2026-05-15,2026-06-17 13:59:55.765740
7b66a6e8-11dc-4240-8f95-4d6c5747fb4d,REP-0531,5.6,700.0,125,2016-02-02,2026-05-04,2026-06-17 13:59:55.765740
5955ec59-3b7c-40aa-b8f2-150b75ba5853,REP-0430,5.19,700.0,135,2015-04-20,2026-05-18,2026-06-17 13:59:55.765740
90a912a9-aa01-44c6-a52e-8639e64ee06f,REP-0522,5.2,692.0,133,2015-06-20,2026-05-21,2026-06-17 13:59:55.765740
d1699905-c263-49c7-acb8-cf5fd69dc673,REP-0119,5.05,692.0,137,2015-03-07,2026-05-13,2026-06-17 13:59:55.765740
6d745726-fb7f-425d-ae97-c046797f12c7,REP-0177,5.33,688.0,129,2015-11-12,2026-05-20,2026-06-17 13:59:55.765740
0578e9ca-b5bd-4fea-a44b-c715fab470aa,REP-0274,5.25,688.0,131,2015-08-10,2026-05-12,2026-06-17 13:59:55.765740
4666877f-d8d7-4409-aff6-125754d3e3ee,REP-0515,5.03,684.0,136,2015-04-21,2026-05-25,2026-06-17 13:59:55.765740
9824abd3-1809-4b61-b232-01a9ecaa6460,REP-0175,5.53,680.0,123,2016-05-10,2026-05-19,2026-06-17 13:59:55.765740
65ba717e-e08d-4985-a7fe-a1da0f995a2f,REP-0555,5.27,680.0,129,2015-11-02,2026-05-24,2026-06-17 13:59:55.765740
4af13473-04ca-42b4-9b90-d9be7d9eafdb,REP-0561,5.44,680.0,125,2016-02-14,2026-05-20,2026-06-17 13:59:55.765740
e2b11ac7-0481-4fe9-a5d4-5110caa62abf,REP-0471,5.01,676.0,135,2015-04-29,2026-05-09,2026-06-17 13:59:55.765740
65169bc8-6719-4ea3-a3e5-2b6baa83f5d0,REP-0654,5.18,668.0,129,2015-10-30,2026-05-16,2026-06-17 13:59:55.765740
b92993e6-c460-43b6-8505-0849660d8370,REP-0997,5.34,668.0,125,2016-01-27,2026-05-03,2026-06-17 13:59:55.765740
0c8dcaa8-378b-422f-a88b-06e3565f2461,REP-0668,5.26,668.0,127,2015-12-29,2026-05-16,2026-06-17 13:59:55.765740
90457b39-ac54-4308-9b6d-b7cf39869aa9,REP-0999,5.07,664.0,131,2015-06-05,2026-02-22,2026-06-17 13:59:55.765740
4ed4e796-5cc6-4dcc-aa9b-861c65c3e02c,REP-0477,5.16,660.0,128,2015-11-29,2026-05-22,2026-06-17 13:59:55.765740
bd7ea7ab-c55b-47ab-baad-66a6ba5ef8f0,REP-0338,5.0,660.0,132,2015-07-10,2026-05-13,2026-06-17 13:59:55.765740
9fd22d1f-fa82-493f-a1eb-f0e50f1055d5,REP-0188,5.0,660.0,132,2015-08-04,2026-05-20,2026-06-17 13:59:55.765740
62ec9d01-94b1-4610-b9fa-94c2fa13e4b3,REP-0127,5.09,656.0,129,2015-10-16,2026-05-19,2026-06-17 13:59:55.765740
f92250c3-7a7d-4b10-a4b3-aabf1fd269ac,REP-0424,5.17,656.0,127,2016-01-03,2026-05-17,2026-06-17 13:59:55.765740
8592150d-8695-430c-aa73-78dce893034d,REP-0010,4.95,644.0,130,2015-09-26,2026-05-24,2026-06-17 13:59:55.765740
c9811c18-ab8f-4014-bed3-680bbb1c3394,REP-0512,5.15,644.0,125,2016-02-19,2026-05-23,2026-06-17 13:59:55.765740
7dbc2fae-1aa1-4e69-afb6-174edd21169c,REP-0459,4.78,636.0,133,2015-07-01,2026-05-20,2026-06-17 13:59:55.765740
682b9ce5-664f-4b4f-a119-dd7f0397836e,REP-0178,5.17,636.0,123,2016-05-17,2026-05-26,2026-06-17 13:59:55.765740
ab7531aa-1798-4325-b7f3-0e2fd3640a25,REP-0116,5.18,632.0,122,2016-05-03,2026-05-06,2026-06-17 13:59:55.765740
c8e2ea8e-4b96-41f4-b21c-0ba2c91f5dae,REP-0018,4.65,632.0,136,2015-02-09,2026-04-09,2026-06-17 13:59:55.765740
a7341ef0-33c7-4a26-9e9d-f081e70a7b73,REP-0509,5.15,628.0,122,2016-06-03,2026-05-25,2026-06-17 13:59:55.765740
dec5cd65-6b82-43e8-bbb3-396106ac41b0,REP-0533,4.65,628.0,135,2015-05-01,2026-05-24,2026-06-17 13:59:55.765740
98eda3d2-60f6-40a2-8ef8-9b2974a8915e,REP-0240,4.76,624.0,131,2015-09-10,2026-05-20,2026-06-17 13:59:55.765740
f9fec28e-adb8-48e4-94f1-36556c92311d,REP-0180,4.81,616.0,128,2015-11-27,2026-05-17,2026-06-17 13:59:55.765740
3a48a386-3711-4f0d-8f42-540d70f3d192,REP-0122,4.5,612.0,136,2015-03-07,2026-04-16,2026-06-17 13:59:55.765740
470d72d0-7996-455c-98c3-50b52cc73f13,REP-0186,4.98,612.0,123,2016-05-03,2026-05-19,2026-06-17 13:59:55.765740
0ddc3953-4ef9-42a8-803d-760732ad5da1,REP-0379,4.86,608.0,125,2016-02-21,2026-05-13,2026-06-17 13:59:55.765740
3e30cc19-ea85-4dcf-abc3-2a87605bfba5,REP-0864,4.98,608.0,122,2016-04-26,2026-04-19,2026-06-17 13:59:55.765740
cb2305ec-a1d7-4f67-ac14-47e5a6729d0f,REP-0563,4.76,604.0,127,2015-12-16,2026-05-20,2026-06-17 13:59:55.765740
e2fb7223-7cce-4340-972a-7d2e3c5ac44d,REP-0569,4.62,600.0,130,2015-09-12,2026-05-03,2026-06-17 13:59:55.765740
1c189069-0b46-4bb0-8d62-5032297d0cbb,REP-0013,4.93,592.0,120,2016-07-24,2026-05-21,2026-06-17 13:59:55.765740
3eb649a4-2965-488f-a1f3-4aadce144c08,REP-0352,4.45,588.0,132,2015-07-20,2026-05-23,2026-06-17 13:59:55.765740
ab083930-2505-4394-8fd7-fcabac7c5fa3,REP-0355,4.59,588.0,128,2015-11-27,2026-05-20,2026-06-17 13:59:55.765740
e5d68863-4f55-43ba-b01f-851bfd338f6c,REP-0381,4.9,588.0,120,2016-07-28,2026-05-20,2026-06-17 13:59:55.765740
3e92b6e3-4fb1-4ced-91f3-b4af5e278724,REP-0101,4.29,584.0,136,2015-04-11,2026-05-16,2026-06-17 13:59:55.765740
b2e50867-bffb-48ca-a410-268be2d45734,REP-0822,4.46,580.0,130,2015-09-19,2026-05-16,2026-06-17 13:59:55.765740
c4815e81-2796-420c-977f-fc348a1af046,REP-0560,4.6,580.0,126,2016-02-09,2026-05-18,2026-06-17 13:59:55.765740
da3a9d02-95ef-473b-8af9-90616b063f96,REP-0566,4.47,576.0,129,2015-11-03,2026-05-24,2026-06-17 13:59:55.765740
2c6efc6e-ce11-4823-b088-e1948a8688d6,REP-0373,4.57,576.0,126,2015-12-21,2026-04-27,2026-06-17 13:59:55.765740
74404e75-0673-40c2-b53d-9aaa73664a08,REP-0304,4.65,572.0,123,2016-04-18,2026-05-23,2026-06-17 13:59:55.765740
44ca0d6a-3edd-49d3-a944-c17cc452dc18,REP-0350,4.33,572.0,132,2015-07-22,2026-05-24,2026-06-17 13:59:55.765740
6d3fd43f-391c-4c26-95ef-df6d3cde1aea,REP-0518,4.21,568.0,135,2015-04-18,2026-05-19,2026-06-17 13:59:55.765740
9ea82b56-5f26-4551-9506-8cc736b4129b,REP-0262,4.78,564.0,118,2016-09-19,2026-05-04,2026-06-17 13:59:55.765740
335bf54f-b84d-4a10-8042-c16f5da0802a,REP-0093,5.0,560.0,112,2017-03-12,2026-04-28,2026-06-17 13:59:55.765740
0ada182d-9858-4872-861c-cb6f57e53f60,REP-0181,4.55,560.0,123,2016-04-13,2026-05-20,2026-06-17 13:59:55.765740
47a6a092-9e38-43ca-a7fe-0efb5aef34e0,REP-0732,4.67,556.0,119,2016-09-07,2026-05-22,2026-06-17 13:59:55.765740
08884974-89cb-4d39-be3d-c1c91df18027,REP-0197,4.18,556.0,133,2015-06-25,2026-05-17,2026-06-17 13:59:55.765740
362b4fcf-7945-42ee-bdd8-1e3dcf6b99a1,REP-0220,4.21,552.0,131,2015-08-26,2026-05-17,2026-06-17 13:59:55.765740
771056de-e4ad-4309-b35c-cdc6f2b37b94,REP-0326,4.15,552.0,133,2015-07-17,2026-05-21,2026-06-17 13:59:55.765740
d1f54cb8-5fbd-4d4f-9628-7b79eabf7ec5,REP-0243,4.31,552.0,128,2015-12-07,2026-05-20,2026-06-17 13:59:55.765740
977424f2-1e31-4fdb-b771-9285aebaa45f,REP-0367,4.12,548.0,133,2015-07-15,2026-05-20,2026-06-17 13:59:55.765740
ba4e3884-9910-46c4-912a-2079553c0cc2,REP-0557,4.31,548.0,127,2015-12-23,2026-05-22,2026-06-17 13:59:55.765740
b0f2bdfd-0f43-4995-b26f-ee615bdb7e67,REP-0905,4.77,548.0,115,2016-12-25,2026-05-17,2026-06-17 13:59:55.765740
6452c7eb-a586-41cb-8039-470ae348c595,REP-0428,4.69,544.0,116,2016-11-17,2026-05-21,2026-06-17 13:59:55.765740
bdf05376-f615-46b9-9190-934f53c483dd,REP-0579,4.43,540.0,122,2016-05-01,2026-04-30,2026-06-17 13:59:55.765740
05f96c49-8ca0-4ae2-a2eb-7a3ec5e09f1c,REP-0422,4.06,536.0,132,2015-04-20,2026-02-16,2026-06-17 13:59:55.765740
5ebd3ac4-079d-4064-a8e3-139658d1b742,REP-0638,4.58,536.0,117,2016-10-10,2026-05-21,2026-06-17 13:59:55.765740
4f6afe0a-41cd-4ffd-805f-1745de80fae9,REP-0271,4.33,532.0,123,2016-04-29,2026-05-17,2026-06-17 13:59:55.765740
f2016c3a-5bb9-4150-bc72-11807d802c5e,REP-0174,4.33,520.0,120,2016-07-21,2026-05-14,2026-06-17 13:59:55.765740
c0f5d93d-c1b2-4999-9527-609dad976d50,REP-0369,4.23,520.0,123,2016-05-10,2026-05-20,2026-06-17 13:59:55.765740
e8fb04a5-3be4-4cdf-a842-e332ec39eddd,REP-0233,4.0,516.0,129,2015-11-09,2026-05-18,2026-06-17 13:59:55.765740
c7215059-51e9-4e10-a51d-c4fe2ae55442,REP-0591,3.82,516.0,135,2015-04-16,2026-05-17,2026-06-17 13:59:55.765740
89c946e0-bd1f-4095-9b9f-b2b91c464da6,REP-0995,4.06,512.0,126,2016-01-25,2026-05-10,2026-06-17 13:59:55.765740
0bd6089d-e689-4510-9c13-185164f259a8,REP-0307,4.5,508.0,113,2017-01-31,2026-05-09,2026-06-17 13:59:55.765740
ac489fa8-e569-4f88-8223-9a005eb22fbb,REP-0564,3.71,504.0,136,2015-04-16,2026-05-20,2026-06-17 13:59:55.765740
013a230b-dbbf-4fc3-8173-bd4fc8b69a57,REP-0984,5.05,500.0,99,2018-04-04,2026-04-28,2026-06-17 13:59:55.765740
1cff5888-8206-46fd-9166-9a3d00e9a360,REP-0343,4.5,500.0,111,2017-05-01,2026-05-19,2026-06-17 13:59:55.765740
3704835a-dd28-41fa-bfc0-eddc1ba4c186,REP-0536,3.7,500.0,135,2015-04-30,2026-05-10,2026-06-17 13:59:55.765740
fbb82e0f-efe8-442a-bd9f-4829d38cea0f,REP-0125,4.31,500.0,116,2016-11-16,2026-05-11,2026-06-17 13:59:55.765740
f9269447-1a28-4dbd-a689-8bca046b30a2,REP-0302,3.82,496.0,130,2015-09-03,2026-05-06,2026-06-17 13:59:55.765740
11a745e9-335e-4369-b80a-1a92db0d92ee,REP-0238,3.84,496.0,129,2015-10-31,2026-05-18,2026-06-17 13:59:55.765740
3a014c96-dd80-46d8-b2be-d07f0f9986d3,REP-0600,4.21,492.0,117,2016-05-05,2025-11-23,2026-06-17 13:59:55.765740
20bac217-57cd-42c7-909b-02ea10ad7472,REP-0372,3.7,488.0,132,2015-08-01,2026-05-09,2026-06-17 13:59:55.765740
422654b9-b488-472e-84aa-89085bc4b0aa,REP-0183,4.44,488.0,110,2017-04-28,2026-05-07,2026-06-17 13:59:55.765740
95ac54d0-6250-459e-b1fe-745942d97fc2,REP-0298,3.61,484.0,134,2015-05-03,2026-04-26,2026-06-17 13:59:55.765740
56824aa8-f73c-4e77-a27f-ed819834a6d6,REP-0465,3.84,480.0,125,2016-03-10,2026-05-26,2026-06-17 13:59:55.765740
ac4ee9a8-b951-4809-a85b-9885888b9bc9,REP-0169,3.66,480.0,131,2015-08-18,2026-05-20,2026-06-17 13:59:55.765740
cec6702b-8e53-46cd-9d64-ff1eb8bffbf5,REP-0425,4.1,480.0,117,2016-10-24,2026-05-06,2026-06-17 13:59:55.765740
e8122ba8-832a-45aa-b218-7469c0b34df4,REP-0334,3.87,476.0,123,2016-04-23,2026-05-16,2026-06-17 13:59:55.765740
6208a058-1e56-4549-9bf0-8ed87a0e9aa2,REP-0136,3.69,472.0,128,2015-08-25,2026-02-24,2026-06-17 13:59:55.765740
0d0abff5-c3ff-4e94-8eff-d0cb37ff14d3,REP-0141,3.97,472.0,119,2016-08-29,2026-05-18,2026-06-17 13:59:55.765740
a05fe382-1524-4a39-88a8-6295105b07da,REP-0636,3.97,468.0,118,2016-09-26,2026-05-21,2026-06-17 13:59:55.765740
d5fc1e42-87fd-4a2f-98f2-c3d7718565cd,REP-0473,3.71,468.0,126,2016-02-06,2026-05-22,2026-06-17 13:59:55.765740
a9bad545-e3c3-410d-af7d-aa46657e2165,REP-0036,4.29,468.0,109,2017-06-22,2026-05-09,2026-06-17 13:59:55.765740
633a6d0f-4676-4a3c-9c1f-129f249f3229,REP-0176,3.63,468.0,129,2015-11-13,2026-05-20,2026-06-17 13:59:55.765740
8a50958a-d617-4a88-a5c6-56304ffeeec7,REP-0888,4.11,464.0,113,2017-01-31,2026-05-03,2026-06-17 13:59:55.765740
4316eee2-d856-4ea8-9a8d-d53cea118095,REP-0332,3.74,460.0,123,2016-05-07,2026-05-20,2026-06-17 13:59:55.765740
f3435fe9-b08d-4b50-ab83-0e0480febb19,REP-0303,3.43,460.0,134,2015-06-07,2026-05-13,2026-06-17 13:59:55.765740
1ec7a1bc-9d71-4b8a-b7f6-e3128e8c69c0,REP-0573,3.62,460.0,127,2015-12-22,2026-05-02,2026-06-17 13:59:55.765740
acb7095b-9a6c-49c9-abd8-03e4748c93ac,REP-0081,3.74,456.0,122,2016-05-06,2026-04-20,2026-06-17 13:59:55.765740
60b33d8c-24db-46db-b48b-73a65092673b,REP-0982,3.48,452.0,130,2015-07-10,2026-02-21,2026-06-17 13:59:55.765740
4204a788-6d3f-4c1b-acd4-bac965146650,REP-0245,3.64,448.0,123,2016-04-13,2026-05-20,2026-06-17 13:59:55.765740
e7806eb7-e684-447d-996f-be948a029894,REP-0437,3.8,448.0,118,2016-08-17,2026-04-18,2026-06-17 13:59:55.765740
082a565d-cd73-450c-a3a2-2ebc10339a04,REP-0572,3.5,444.0,127,2015-12-05,2026-04-28,2026-06-17 13:59:55.765740
6572a075-1b41-42df-a003-1a58fd23f6a6,REP-0184,3.76,444.0,118,2016-09-17,2026-05-14,2026-06-17 13:59:55.765740
cdf58860-a665-4a3d-b65f-4915f9a6a725,REP-0340,3.73,440.0,118,2016-09-10,2026-05-15,2026-06-17 13:59:55.765740
e1071cb0-0d90-4e49-aa89-555957a6a68d,REP-0617,3.24,440.0,136,2015-02-09,2026-04-07,2026-06-17 13:59:55.765740
4b1d2b87-79e1-49b7-b2a8-5fbd5cf070d9,REP-0306,3.58,440.0,123,2016-04-15,2026-05-05,2026-06-17 13:59:55.765740
6a24a087-8786-42c7-b312-158ae78de708,REP-0328,3.44,440.0,128,2015-11-24,2026-05-04,2026-06-17 13:59:55.765740
2df9a813-92ac-4721-bd95-59453a6a148d,REP-0384,3.46,436.0,126,2015-11-19,2026-03-04,2026-06-17 13:59:55.765740
77c2e976-73b7-4e1b-9178-ea06dba0ad46,REP-0117,3.82,436.0,114,2017-01-22,2026-05-25,2026-06-17 13:59:55.765740
24d945d5-9c7c-4d9b-8b3a-3f115050d8a9,REP-0331,3.41,436.0,128,2015-11-20,2026-05-20,2026-06-17 13:59:55.765740
2c303e53-ddca-4f44-af42-500754d3105a,REP-0353,3.27,432.0,132,2015-07-18,2026-05-21,2026-06-17 13:59:55.765740
518fc90f-7a32-4637-bba4-a48a05af5da6,REP-0897,3.86,432.0,112,2017-02-02,2026-03-25,2026-06-17 13:59:55.765740
824639d5-65d9-4035-9d0d-7d93b6271f80,REP-0171,3.24,428.0,132,2015-07-28,2026-05-20,2026-06-17 13:59:55.765740
06482954-095d-437a-8926-ac90d94fd8dc,REP-0479,3.72,420.0,113,2017-03-04,2026-05-25,2026-06-17 13:59:55.765740
fbeccb58-c49c-4cd3-97e6-23fb190dd670,REP-0510,3.08,416.0,135,2015-04-16,2026-05-02,2026-06-17 13:59:55.765740
266f4b04-c0e6-464d-aa10-90ba8daac301,REP-0467,3.4,412.0,121,2016-06-26,2026-05-14,2026-06-17 13:59:55.765740
9866f51a-f51b-466b-bbd8-237485e7131f,REP-0768,3.12,412.0,132,2015-08-08,2026-05-17,2026-06-17 13:59:55.765740
02691dc3-7b38-4a3e-98ab-70e7c09754be,REP-0461,3.02,408.0,135,2015-04-30,2026-05-12,2026-06-17 13:59:55.765740
772a485d-8c41-4904-941d-8167567b0d05,REP-0574,3.21,404.0,126,2016-02-14,2026-05-23,2026-06-17 13:59:55.765740
a0c2fd4f-fbdc-418b-92ff-691b71e222bf,REP-0248,3.31,404.0,122,2016-05-22,2026-05-21,2026-06-17 13:59:55.765740
ee835b43-53fc-4eb1-9204-77442200c4d1,REP-0756,3.03,400.0,132,2015-08-06,2026-05-23,2026-06-17 13:59:55.765740
6655bee2-5855-434e-8ee1-4dcf534bf0b9,REP-0738,3.17,400.0,126,2016-01-23,2026-05-16,2026-06-17 13:59:55.765740
7c7b50f8-6f9e-401e-899b-f33d77ffe7d1,REP-0305,3.05,400.0,131,2015-09-03,2026-05-11,2026-06-17 13:59:55.765740
ace01674-67c4-4afb-9163-fe3b62224c75,REP-0597,3.13,400.0,128,2015-12-17,2026-05-25,2026-06-17 13:59:55.765740
96264f51-c256-4fff-a677-6ca11c3738fc,REP-0516,3.23,400.0,124,2016-03-25,2026-05-20,2026-06-17 13:59:55.765740
f2f8676b-6547-4065-a84f-531f13ac6896,REP-0900,3.17,396.0,125,2016-02-14,2026-05-11,2026-06-17 13:59:55.765740
887175e6-033f-4e53-a90e-0f1540080e8d,REP-0558,3.07,396.0,129,2015-11-04,2026-05-20,2026-06-17 13:59:55.765740
d7951637-8b73-4fe3-ae41-5b26f3491d3c,REP-0677,3.3,396.0,120,2016-07-08,2026-04-21,2026-06-17 13:59:55.765740
3abfaba9-280b-4539-be05-327e6a5ce31f,REP-0581,3.44,392.0,114,2017-01-29,2026-05-23,2026-06-17 13:59:55.765740
3c5370d5-c390-4b63-b990-8da07bdc8866,REP-0761,2.94,388.0,132,2015-08-01,2026-05-09,2026-06-17 13:59:55.765740
aaa8b8dc-52a3-48b2-bc9a-ebeca1782d22,REP-0907,3.43,388.0,113,2017-02-27,2026-05-17,2026-06-17 13:59:55.765740
ffc20ab7-9e53-4f14-a0fd-0bedce7677f3,REP-0762,3.62,384.0,106,2017-09-14,2026-05-16,2026-06-17 13:59:55.765740
b19c3d5c-5102-4890-8c99-ae42dc97f8c0,REP-0639,3.25,384.0,118,2016-09-30,2026-05-24,2026-06-17 13:59:55.765740
f022974c-b9b4-472f-9300-b0231178ceb2,REP-0378,3.45,380.0,110,2017-04-08,2026-04-09,2026-06-17 13:59:55.765740
9fb2d409-a679-402f-8514-dd606300516a,REP-0987,3.69,380.0,103,2017-12-03,2026-05-09,2026-06-17 13:59:55.765740
3f8ef038-c135-41c2-9bbf-5516355c5ad8,REP-0767,2.9,380.0,131,2015-08-09,2026-05-13,2026-06-17 13:59:55.765740
7d80a84d-48ee-4fbe-931f-b185272ce228,REP-0179,2.94,376.0,128,2015-12-05,2026-05-15,2026-06-17 13:59:55.765740
bb506e07-13d8-47f5-83ee-c74c03ec2af5,REP-0431,3.42,376.0,110,2017-05-15,2026-05-15,2026-06-17 13:59:55.765740
36812efe-ec86-45a9-90a5-72c9eec2494d,REP-0130,3.38,372.0,110,2017-05-02,2026-05-15,2026-06-17 13:59:55.765740
4a16495e-c2c2-4267-9761-b2f6d18d8b76,REP-0764,3.48,372.0,107,2017-07-17,2026-04-20,2026-06-17 13:59:55.765740
0ba524e0-d121-4e64-9039-23df78ad7b90,REP-0482,3.21,372.0,116,2016-11-14,2026-05-01,2026-06-17 13:59:55.765740
5b7c34cc-6e4d-45e4-80c8-cc0c6e831d9d,REP-0741,3.23,372.0,115,2016-12-28,2026-05-12,2026-06-17 13:59:55.765740
05926a27-d1fe-43d7-954b-4b40de21b2c2,REP-0370,3.15,368.0,117,2016-10-05,2026-05-13,2026-06-17 13:59:55.765740
e1ecc168-8ff8-46e9-b9f4-479bbdf7f047,REP-0182,2.79,368.0,132,2015-07-27,2026-05-25,2026-06-17 13:59:55.765740
274c4906-e8f2-4d65-aca2-a021d83c5f4d,REP-0666,3.47,364.0,105,2017-10-24,2026-05-23,2026-06-17 13:59:55.765740
353c743e-0ed0-4e00-b109-74162d4d85c9,REP-0464,2.74,364.0,133,2015-06-30,2026-05-22,2026-06-17 13:59:55.765740
6080d4a3-e45d-4428-a06e-3571edeed26b,REP-0735,2.8,364.0,130,2015-08-30,2026-04-29,2026-06-17 13:59:55.765740
bc6780aa-6fd3-4010-ab7c-32b62e1eae1b,REP-1000,2.86,360.0,126,2016-01-21,2026-04-30,2026-06-17 13:59:55.765740
99d2150e-0abd-4ac3-bc06-06f5cfd70083,REP-0774,2.9,360.0,124,2016-03-25,2026-05-21,2026-06-17 13:59:55.765740
d69cc687-c93f-4d38-ac01-3c663a2d68db,REP-1039,3.96,360.0,91,2018-08-29,2026-02-15,2026-06-17 13:59:55.765740
d038342b-ba9b-4a29-92c0-114cf6ffdccc,REP-0998,2.73,360.0,132,2015-06-12,2026-03-28,2026-06-17 13:59:55.765740
820e4746-4f68-430f-bc38-8cb1eba41727,REP-0622,2.78,356.0,128,2015-12-05,2026-05-22,2026-06-17 13:59:55.765740
2843b4ff-36d3-46a5-ae44-ddaa635bc31b,REP-0476,3.24,356.0,110,2017-05-24,2026-05-25,2026-06-17 13:59:55.765740
b0425eb9-f430-4972-88bf-7950d0ba3bb8,REP-0758,2.99,356.0,119,2016-09-02,2026-05-15,2026-06-17 13:59:55.765740
4ce6526d-174e-4d27-9ffd-451fd691ece8,REP-0770,3.09,352.0,114,2017-01-09,2026-05-15,2026-06-17 13:59:55.765740
1db69271-d954-494c-b490-8d0654bf1595,REP-0375,2.65,352.0,133,2015-06-29,2026-05-07,2026-06-17 13:59:55.765740
f97d2572-dd30-4f88-98b3-a43fff8a5713,REP-0121,3.05,348.0,114,2016-10-06,2026-01-23,2026-06-17 13:59:55.765740
38c7e592-2010-4a31-9a27-2c8460e3f7f4,REP-0368,2.74,348.0,127,2015-11-26,2026-04-19,2026-06-17 13:59:55.765740
1d401821-7ba4-42c1-a999-9c6dcef13912,REP-0236,2.65,344.0,130,2015-08-06,2026-04-10,2026-06-17 13:59:55.765740
1f5df6b1-1187-40e5-8e41-2f4dc96c254d,REP-0773,2.63,344.0,131,2015-08-10,2026-04-19,2026-06-17 13:59:55.765740
444de743-faec-4571-9d37-7239c49b57fa,REP-0562,2.87,344.0,120,2016-08-01,2026-05-24,2026-06-17 13:59:55.765740
ccdc1489-1ce0-4522-ae39-46b5041eabf2,REP-0351,2.61,344.0,132,2015-07-31,2026-05-19,2026-06-17 13:59:55.765740
cb7aeb19-8bba-4df6-972c-caa8402faff3,REP-0679,2.71,344.0,127,2015-12-28,2026-05-19,2026-06-17 13:59:55.765740
d522e40f-bae2-404b-8b2f-ef84af289b39,REP-0337,2.76,340.0,123,2016-04-24,2026-05-16,2026-06-17 13:59:55.765740
e453f5dc-25bc-40b4-ae94-74b87347db20,REP-0480,2.51,336.0,134,2015-04-29,2026-04-29,2026-06-17 13:59:55.765740
66c68a18-44f2-4d99-9cf6-9dc757c35f78,REP-0115,2.78,336.0,121,2016-06-25,2026-05-21,2026-06-17 13:59:55.765740
6bda3902-aa04-4017-92f1-800b8f55332d,REP-0780,2.81,332.0,118,2016-08-21,2026-04-02,2026-06-17 13:59:55.765740
33ca1cc4-9632-4f9d-b390-2633cc03f45a,REP-0329,2.72,332.0,122,2016-05-12,2026-05-03,2026-06-17 13:59:55.765740
a60321b5-5674-45b6-a349-54c686bb0eff,REP-0163,2.86,332.0,116,2016-12-08,2026-05-22,2026-06-17 13:59:55.765740
6b4da9df-1943-4f6c-ae9f-20ccd296e6ef,REP-0123,2.76,328.0,119,2016-07-04,2026-03-25,2026-06-17 13:59:55.765740
1dd2edc4-1129-4346-af27-95c0c9d74637,REP-0701,2.95,324.0,110,2017-05-17,2026-05-15,2026-06-17 13:59:55.765740
d5dbeb68-1c93-4339-abbc-15ad56a067ca,REP-0914,2.81,320.0,114,2017-01-15,2026-05-17,2026-06-17 13:59:55.765740
d3ab3a79-f49e-4f89-973d-c1d76c06e020,REP-0619,2.57,316.0,123,2016-04-19,2026-05-21,2026-06-17 13:59:55.765740
c733efa1-cf5d-4dd8-9f81-d100d12f4061,REP-0733,2.55,316.0,124,2016-03-14,2026-05-20,2026-06-17 13:59:55.765740
91fb4f91-c488-4f71-a565-00a9d8e0aac6,REP-0532,2.38,316.0,133,2015-06-30,2026-05-20,2026-06-17 13:59:55.765740
c0e16db1-1fb3-4b75-a499-84f98a21cf3e,REP-0289,3.47,312.0,90,2018-12-21,2026-04-26,2026-06-17 13:59:55.765740
22747dd4-af7e-4cfe-81db-dab631a9dcf6,REP-0520,2.48,312.0,126,2016-01-12,2026-05-02,2026-06-17 13:59:55.765740
fb215811-7b97-4b8e-8233-9a046f0ad977,REP-0534,2.31,312.0,135,2015-04-29,2026-05-25,2026-06-17 13:59:55.765740
7691db52-5fc0-4d62-87da-ff7f1f0f491e,REP-0172,2.84,312.0,110,2017-05-19,2026-05-14,2026-06-17 13:59:55.765740
9f617ea1-3a18-4194-9c9d-c57930cf1172,REP-0885,2.85,308.0,108,2017-07-01,2026-04-30,2026-06-17 13:59:55.765740
c922909c-342d-4058-8e6e-2346a1d465bd,REP-0080,2.41,308.0,128,2015-10-31,2026-04-24,2026-06-17 13:59:55.765740
5294f426-18d3-4fda-92cb-d2b70f2d6592,REP-0818,2.41,304.0,126,2016-01-01,2026-04-19,2026-06-17 13:59:55.765740
d1be67b9-1ad1-4b0b-a9be-f7fab89e1c43,REP-0556,2.54,300.0,118,2016-09-21,2026-05-20,2026-06-17 13:59:55.765740
d786ab41-2bb4-4fbe-8257-b0b42ba68874,REP-0391,2.24,300.0,134,2015-04-15,2026-04-13,2026-06-17 13:59:55.765740
3e37be0a-e8e2-4bc2-ac98-d189708394e5,REP-0327,2.41,296.0,123,2016-04-21,2026-05-17,2026-06-17 13:59:55.765740
0b868777-8a98-40e5-9137-09585e302227,REP-0779,2.49,296.0,119,2016-08-30,2026-05-15,2026-06-17 13:59:55.765740
49746528-4e4a-4f60-a310-7389d232e723,REP-0341,2.51,296.0,118,2016-10-01,2026-05-20,2026-06-17 13:59:55.765740
09d27f30-ba75-4e10-88b1-49a18284a4ae,REP-0739,2.2,292.0,133,2015-06-20,2026-05-19,2026-06-17 13:59:55.765740
75b0d046-aa6d-4079-a868-694c0469b347,REP-0776,2.7,292.0,108,2017-07-14,2026-05-15,2026-06-17 13:59:55.765740
07238498-6c12-44ae-a834-dcdb0f436cde,REP-0361,2.3,292.0,127,2015-11-21,2026-04-26,2026-06-17 13:59:55.765740
309a5236-27e7-4b4b-939a-771f0be8458b,REP-0335,2.39,284.0,119,2016-07-27,2026-05-04,2026-06-17 13:59:55.765740
cd042c89-381b-48e3-a651-f96b986a014e,REP-0671,2.55,280.0,110,2017-03-17,2026-03-28,2026-06-17 13:59:55.765740
b7473ac1-3fdd-4375-b37a-7794c8d06c15,REP-0786,2.48,280.0,113,2016-11-19,2026-03-01,2026-06-17 13:59:55.765740
ed382352-6ed3-4c57-8d6f-5a19200a7b16,REP-0396,2.43,280.0,115,2016-12-25,2026-05-18,2026-06-17 13:59:55.765740
b36095fb-8a59-4bca-9a63-62579c7a298a,REP-0862,2.67,280.0,105,2017-10-26,2026-05-15,2026-06-17 13:59:55.765740
a249f7d5-fcda-4d13-9bc3-d6d10874331f,REP-0759,2.88,276.0,96,2018-07-08,2026-05-11,2026-06-17 13:59:55.765740
cd9e661e-5976-4ef4-8761-c48c3146b365,REP-0218,2.16,276.0,128,2015-10-28,2026-04-13,2026-06-17 13:59:55.765740
b1773357-26dd-4b00-a70e-4661fa261167,REP-0470,2.31,272.0,118,2016-08-25,2026-05-05,2026-06-17 13:59:55.765740
5bef8822-534c-4390-916e-55226bdb23db,REP-0508,2.01,272.0,135,2015-04-19,2026-05-14,2026-06-17 13:59:55.765740
854c5fe8-46ca-4011-8c18-9a1c03332119,REP-0682,2.23,268.0,120,2016-07-09,2026-04-21,2026-06-17 13:59:55.765740
6be8d7e0-f780-4533-81f8-57aa69aace18,REP-0737,2.13,268.0,126,2016-01-22,2026-05-22,2026-06-17 13:59:55.765740
233ffc03-1a92-470b-8bcf-d345430f484b,REP-0657,2.48,268.0,108,2017-06-25,2026-05-06,2026-06-17 13:59:55.765740
c5af1084-e95b-450c-8c95-1f4d40f7d3d9,REP-0816,2.09,268.0,128,2015-11-28,2026-05-17,2026-06-17 13:59:55.765740
58d02577-82f6-45bc-a530-d7e8f1223923,REP-0970,2.2,268.0,122,2016-05-12,2026-05-15,2026-06-17 13:59:55.765740
27eb9534-eae2-4d9f-9cdd-8de9b8c86228,REP-0827,2.08,264.0,127,2015-12-01,2026-04-10,2026-06-17 13:59:55.765740
f21bcda8-f9ef-410d-be52-584ca687793b,REP-0185,2.18,260.0,119,2016-07-22,2026-04-19,2026-06-17 13:59:55.765740
ede5c983-c87a-4f6d-b98a-4db94e5bc814,REP-0821,2.26,260.0,115,2016-11-20,2026-04-08,2026-06-17 13:59:55.765740
56560f0d-01cf-406d-946e-c00917cfe45b,REP-0139,2.15,260.0,121,2016-06-17,2026-05-20,2026-06-17 13:59:55.765740
e04edab3-95ae-49ba-8770-18de5566fdaa,REP-0824,2.06,260.0,126,2015-12-31,2026-04-19,2026-06-17 13:59:55.765740
4c31b914-09e4-471d-bddf-a29cfae6dd5e,REP-0354,2.17,260.0,120,2016-07-31,2026-05-24,2026-06-17 13:59:55.765740
232ab612-0e53-4295-a869-d222c53887d8,REP-0788,1.98,252.0,127,2016-01-05,2026-05-16,2026-06-17 13:59:55.765740
d1bf1c13-5ac4-4ffd-80e3-f9ac64b010a4,REP-0586,2.03,252.0,124,2016-02-13,2026-04-03,2026-06-17 13:59:55.765740
b4a852b2-1bcf-4a91-b409-6d47c4b41578,REP-0765,1.91,252.0,132,2015-08-05,2026-05-11,2026-06-17 13:59:55.765740
b58cde47-3905-4828-bd50-605efb951582,REP-0819,2.0,252.0,126,2015-12-03,2026-03-22,2026-06-17 13:59:55.765740
7bf4572e-e0ae-4a63-a1cb-add746805d5d,REP-0680,2.0,252.0,126,2015-12-29,2026-04-08,2026-06-17 13:59:55.765740
bdf83a20-8293-485b-ae48-2fcba052f4aa,REP-0946,1.86,248.0,133,2015-06-06,2026-04-25,2026-06-17 13:59:55.765740
9cfc6b56-ae5f-4d8f-bd28-092fd3339a67,REP-0641,2.19,248.0,113,2017-03-06,2026-05-24,2026-06-17 13:59:55.765740
8d072af7-a69a-4c80-8b50-ba56f34ef76d,REP-1005,1.88,248.0,132,2015-07-11,2026-04-29,2026-06-17 13:59:55.765740
6ccbab3d-1c67-49fa-a5aa-8f888144ed5b,REP-0191,2.14,244.0,114,2017-01-05,2026-05-14,2026-06-17 13:59:55.765740
a41385d1-2697-4ad7-93e4-ff79baa60267,REP-0731,2.02,244.0,121,2016-06-27,2026-05-21,2026-06-17 13:59:55.765740
fded93b1-c41d-48d1-9867-11dd65e58cec,REP-0382,2.0,244.0,122,2016-06-03,2026-05-18,2026-06-17 13:59:55.765740
40782b6f-df61-4551-a27c-502dbe25f14d,REP-0474,2.33,240.0,103,2017-11-25,2026-04-29,2026-06-17 13:59:55.765740
9438981c-6e6f-4f83-87a0-1289e383f243,REP-0393,1.79,240.0,134,2015-04-23,2026-04-25,2026-06-17 13:59:55.765740
fa15b41d-d7bc-4707-acf1-c9bfb6285cca,REP-0785,2.14,240.0,112,2017-03-05,2026-05-07,2026-06-17 13:59:55.765740
aad19fdf-7031-421c-affe-b397a320ad32,REP-0791,1.77,232.0,131,2015-08-26,2026-05-10,2026-06-17 13:59:55.765740
7af80aa8-efbe-4a65-89c5-cfcf0b0b3a63,REP-0246,2.0,232.0,116,2016-10-23,2026-04-10,2026-06-17 13:59:55.765740
a5b3a404-de78-40c1-889c-8d1cd9786fb7,REP-0825,2.25,232.0,103,2017-11-11,2026-04-18,2026-06-17 13:59:55.765740
2f596346-41a2-4321-9b9b-08bdd6c2b960,REP-0691,2.09,232.0,111,2017-04-06,2026-05-18,2026-06-17 13:59:55.765740
b537429e-5728-454e-8cb2-298c2d7e680f,REP-0042,1.98,232.0,117,2016-10-20,2026-05-13,2026-06-17 13:59:55.765740
44fca441-7e67-4450-a0fd-400bc7c5c2b7,REP-0707,1.95,228.0,117,2016-10-08,2026-04-21,2026-06-17 13:59:55.765740
eba41a3a-3763-4a20-8f5e-838b25dc6bd9,REP-0068,1.9,228.0,120,2016-07-12,2026-05-15,2026-06-17 13:59:55.765740
0ec0757a-8adf-4935-bb7b-1a7bc69c3dec,REP-0782,1.71,224.0,131,2015-08-01,2026-04-11,2026-06-17 13:59:55.765740
2b3a3ba8-989e-48ae-8687-4e420414e806,REP-0620,1.78,224.0,126,2015-12-19,2026-04-10,2026-06-17 13:59:55.765740
e203bc4b-e497-4131-b6b4-6b34208af2b4,REP-0643,2.11,224.0,106,2017-08-27,2026-05-09,2026-06-17 13:59:55.765740
6f241f0e-2e25-4e4d-b464-8a6987323f09,REP-0468,1.91,224.0,117,2016-10-26,2026-05-24,2026-06-17 13:59:55.765740
3bf2aa2b-3afd-4894-94a5-8aaf4ec23a19,REP-1002,1.85,220.0,119,2016-08-28,2026-05-24,2026-06-17 13:59:55.765740
6c9bad90-4bf4-404f-8fbb-1342eac21799,REP-0165,1.8,220.0,122,2016-05-01,2026-04-24,2026-06-17 13:59:55.765740
efce04b1-b362-4fb4-a52d-a973f6f284c7,REP-0376,1.77,220.0,124,2016-03-10,2026-05-06,2026-06-17 13:59:55.765740
ed71501f-94e3-48a2-8f15-bc5fcb65f0bb,REP-0371,1.88,220.0,117,2016-10-02,2026-05-05,2026-06-17 13:59:55.765740
3f304fe7-f0db-4723-8daa-d2dcf2c0e16d,REP-0514,1.64,220.0,134,2015-04-19,2026-04-07,2026-06-17 13:59:55.765740
34cb65e8-4918-4ff4-b7a2-0f46de559023,REP-0976,1.77,216.0,122,2016-05-16,2026-04-30,2026-06-17 13:59:55.765740
719fcbd0-94a6-4c32-b094-fce211836c89,REP-0583,1.85,216.0,117,2016-11-02,2026-05-24,2026-06-17 13:59:55.765740
e88fcebf-d426-4d30-ad79-2f9866c51ebc,REP-0985,1.66,216.0,130,2015-07-11,2026-02-23,2026-06-17 13:59:55.765740
12139537-c2f0-437a-b1bb-7cd3c049dd64,REP-0559,2.04,216.0,106,2017-09-14,2026-05-19,2026-06-17 13:59:55.765740
0bb5442d-ea89-4544-b90c-9a3271a6718e,REP-0711,1.79,216.0,121,2016-06-27,2026-05-19,2026-06-17 13:59:55.765740
0823171d-58f8-40f7-9fc4-4071be9093c5,REP-0244,1.98,216.0,109,2017-06-29,2026-05-25,2026-06-17 13:59:55.765740
eb0deaf9-6793-433c-8cd3-b58098523205,REP-0910,1.73,216.0,125,2016-02-05,2026-04-22,2026-06-17 13:59:55.765740
64f96f7d-8d2f-4510-bc50-255eea7ee7ed,REP-0771,1.62,212.0,131,2015-08-26,2026-05-15,2026-06-17 13:59:55.765740
52e791e5-8bae-4566-a506-eec34dc138f3,REP-1003,1.61,212.0,132,2015-06-10,2026-04-11,2026-06-17 13:59:55.765740
b78ebd7d-efe7-4639-82b8-d0fd8bbc38f9,REP-0964,1.64,212.0,129,2015-10-18,2026-05-15,2026-06-17 13:59:55.765740
5dbdd498-1bfd-4d68-bff1-56d817e9fc19,REP-0462,1.83,212.0,116,2016-11-13,2026-04-28,2026-06-17 13:59:55.765740
cec9c76c-06ac-4e38-948e-1f2e7d4d2a37,REP-0363,1.84,208.0,113,2017-02-28,2026-05-15,2026-06-17 13:59:55.765740
456cfcf8-0eea-41c7-84e0-f1beddc4aa8d,REP-0066,1.63,208.0,128,2015-10-13,2026-04-01,2026-06-17 13:59:55.765740
4b93a64b-82f0-40a3-943b-052ceb220766,REP-0277,1.79,208.0,116,2016-11-20,2026-05-05,2026-06-17 13:59:55.765740
fdcee615-65b7-4c02-bfe8-33cd02cd7a16,REP-0356,2.02,208.0,103,2017-11-29,2026-05-10,2026-06-17 13:59:55.765740
9532c74e-a883-41d4-b88d-cc0ba1c20eca,REP-0380,1.68,208.0,124,2016-03-31,2026-05-24,2026-06-17 13:59:55.765740
302d7826-d6ff-4e95-8ca1-4d29b4b26181,REP-0709,1.75,208.0,119,2016-07-08,2026-04-10,2026-06-17 13:59:55.765740
01b544d1-7db0-4040-b672-6611c41b97fc,REP-0954,2.24,208.0,93,2018-10-12,2026-05-15,2026-06-17 13:59:55.765740
aee0facb-e18a-4110-9688-19e10d30cffd,REP-0058,1.74,204.0,117,2016-08-28,2026-03-28,2026-06-17 13:59:55.765740
06607f7d-17a8-488c-83b3-a023bd2c8e7b,REP-0565,1.79,204.0,114,2016-12-30,2026-05-12,2026-06-17 13:59:55.765740
a9022671-4f8d-4461-bba6-eeb0d5ed91c2,REP-0951,1.98,204.0,103,2017-12-08,2026-05-11,2026-06-17 13:59:55.765740
36291502-5d90-48ff-b319-e4b13f8b7576,REP-0683,1.63,204.0,125,2016-01-09,2026-04-05,2026-06-17 13:59:55.765740
78f01a1a-c9ba-4ab1-941b-6689e954984e,REP-0472,1.62,204.0,126,2016-02-05,2026-05-22,2026-06-17 13:59:55.765740
f123b78a-8a21-4e13-bb68-5a7ffd21eddd,REP-0703,1.84,204.0,111,2017-04-23,2026-05-14,2026-06-17 13:59:55.765740
a3eae553-2376-45f7-88c1-881633fc349c,REP-0689,1.81,204.0,113,2017-02-19,2026-05-04,2026-06-17 13:59:55.765740
1e5af0d2-2040-46ed-8fea-607cb4d55833,REP-0083,1.61,204.0,127,2015-12-23,2026-05-25,2026-06-17 13:59:55.765740
dccca817-e7db-4c84-9a7d-b27ee44e4aca,REP-0279,1.53,200.0,131,2015-07-02,2026-03-27,2026-06-17 13:59:55.765740
3fc28618-5507-4ca8-851e-ffd4fb2cd06d,REP-0706,1.9,200.0,105,2017-09-15,2026-04-13,2026-06-17 13:59:55.765740
ca409b66-3d00-4138-8008-ac9c229d5e14,REP-0713,1.85,200.0,108,2017-07-30,2026-05-23,2026-06-17 13:59:55.765740
9eeccf63-93c1-4f73-a361-9c4e69b72c93,REP-0952,1.52,200.0,132,2015-07-12,2026-05-14,2026-06-17 13:59:55.765740
78ea6fb2-be92-418e-a8f6-00d650be6345,REP-0344,2.15,200.0,93,2018-07-25,2026-03-14,2026-06-17 13:59:55.765740
651e80a0-5ed5-4e77-bfb6-359d49625f6e,REP-0891,1.7,196.0,115,2016-11-10,2026-04-06,2026-06-17 13:59:55.765740
912ebfa6-4547-4a11-93ca-4069bc125d47,REP-0948,1.87,196.0,105,2017-10-17,2026-05-09,2026-06-17 13:59:55.765740
468b66d0-f518-4b34-860a-33e34fbe822d,REP-0118,1.88,196.0,104,2017-11-25,2026-05-20,2026-06-17 13:59:55.765740
5ae72252-bb36-4330-bf17-75c47caae339,REP-0333,1.65,196.0,119,2016-07-28,2026-05-02,2026-06-17 13:59:55.765740
ef1d1a05-15bb-4e1c-a781-8aebda2e9a15,REP-0678,1.66,196.0,118,2016-08-13,2026-04-11,2026-06-17 13:59:55.765740
17d113cf-0b98-4b52-833a-1746edba16e5,REP-0734,1.75,196.0,112,2017-03-04,2026-05-04,2026-06-17 13:59:55.765740
23db0899-333c-437e-a080-b0ad4530bfa3,REP-0584,1.52,196.0,129,2015-10-30,2026-05-16,2026-06-17 13:59:55.765740
e0e38f3e-8d72-481c-b6b6-0697e9e2a723,REP-0170,1.81,192.0,106,2017-08-26,2026-05-06,2026-06-17 13:59:55.765740
30c742e9-9be9-4628-8cb7-30b6402e3e21,REP-0124,1.66,192.0,116,2016-11-21,2026-05-25,2026-06-17 13:59:55.765740
09209b54-1619-4e62-9273-766d12b5c8fe,REP-0740,1.59,192.0,121,2016-06-29,2026-05-14,2026-06-17 13:59:55.765740
2b03777f-8a1a-44e4-94ce-6c301fd25205,REP-0729,1.76,192.0,109,2017-05-27,2026-05-03,2026-06-17 13:59:55.765740
175a45c7-eb77-499f-88df-73feb5c7fdfc,REP-0457,1.52,192.0,126,2015-12-06,2026-04-09,2026-06-17 13:59:55.765740
f760891b-1424-4d3a-99ef-132464ed0f24,REP-0695,1.78,192.0,108,2017-07-12,2026-05-02,2026-06-17 13:59:55.765740
f599c2f0-8a84-4224-8469-5807bbd09d19,REP-0763,1.59,188.0,118,2016-08-24,2026-04-15,2026-06-17 13:59:55.765740
935b4c91-481f-4dd3-a6b4-ae10b9076b65,REP-0972,1.47,188.0,128,2015-10-18,2026-03-31,2026-06-17 13:59:55.765740
33efdae9-1598-49ee-8e19-86e49f9246a7,REP-0330,1.57,184.0,117,2016-10-09,2026-05-04,2026-06-17 13:59:55.765740
b4d56b21-1aa5-42e5-bb69-aa5a20a6d885,REP-0105,2.3,184.0,80,2019-04-14,2025-11-04,2026-06-17 13:59:55.765740
65433831-d597-4ac5-a4e3-ef60acbcc93b,REP-0397,1.7,184.0,108,2017-07-09,2026-05-14,2026-06-17 13:59:55.765740
2bfd5f89-bb8b-4ed9-b810-ffac4c0f398f,REP-0789,1.59,180.0,113,2017-01-24,2026-04-20,2026-06-17 13:59:55.765740
12e45b11-5e60-4838-a1bd-e8b8db561713,REP-0241,1.58,180.0,114,2017-01-31,2026-05-15,2026-06-17 13:59:55.765740
43eb0896-f6d7-4812-8f7f-6a86a30dce6f,REP-0694,1.39,176.0,127,2016-01-10,2026-05-19,2026-06-17 13:59:55.765740
d1911bb9-c74a-4f59-969f-ba430fb8dfcd,REP-0966,1.32,176.0,133,2015-07-10,2026-05-15,2026-06-17 13:59:55.765740
4d18bbd3-20a5-4c26-8542-22f563d9442a,REP-0599,1.5,176.0,117,2016-04-24,2025-12-01,2026-06-17 13:59:55.765740
da8f05b5-51c4-43a6-a5d2-8dcd68f364f9,REP-0258,1.42,176.0,124,2016-04-03,2026-05-16,2026-06-17 13:59:55.765740
c25dc89d-ac7d-480d-a08c-679ace5b6127,REP-0969,1.3,172.0,132,2015-07-11,2026-05-06,2026-06-17 13:59:55.765740
1da5328d-8ea2-4821-9427-7e0d1ba07e94,REP-0823,1.37,172.0,126,2016-01-04,2026-04-12,2026-06-17 13:59:55.765740
8417b119-27dd-4701-80e6-b59b7b99e13b,REP-0603,1.34,172.0,128,2015-10-29,2026-04-05,2026-06-17 13:59:55.765740
e54e5011-b206-4489-96f6-c773a63c3b3c,REP-0806,1.37,172.0,126,2015-12-05,2026-04-03,2026-06-17 13:59:55.765740
30e096ce-20c2-4f77-925c-d193f4eaef96,REP-0804,1.58,172.0,109,2017-06-14,2026-05-15,2026-06-17 13:59:55.765740
c05f7579-5077-48b9-a1a6-33b2d3bd2557,REP-1001,1.41,172.0,122,2016-04-15,2026-04-18,2026-06-17 13:59:55.765740
219c4b48-78ee-4847-85e2-3a4c44a71f3a,REP-0168,1.41,172.0,122,2016-04-13,2026-03-24,2026-06-17 13:59:55.765740
8261f3b4-1965-4d54-8c85-2c2f807a7e0c,REP-0826,1.35,172.0,127,2016-01-04,2026-05-13,2026-06-17 13:59:55.765740
8616d7e5-2731-4247-8b63-9d7c6c70e076,REP-0716,1.37,172.0,126,2016-01-21,2026-05-05,2026-06-17 13:59:55.765740
e51b93b3-244d-400e-9bb1-b3c5e47da1cd,REP-0339,1.57,168.0,107,2017-04-30,2026-01-31,2026-06-17 13:59:55.765740
64085646-147b-488f-a97f-3a9a63ae8b04,REP-0697,1.39,168.0,121,2016-05-18,2026-04-15,2026-06-17 13:59:55.765740
691ea676-2ccf-4299-88ea-dd8fca075578,REP-0981,1.39,164.0,118,2016-08-12,2026-04-17,2026-06-17 13:59:55.765740
ce6a6e45-1d22-4818-bcfe-4fb88eaf9140,REP-0478,1.61,164.0,102,2017-12-28,2026-05-07,2026-06-17 13:59:55.765740
ebdd3148-5538-48f8-ac64-406fa4e39683,PERNO-BLOQUE,160.0,160.0,1,2026-06-14,2026-06-16,2026-06-17 13:59:55.765740
07972488-65af-46fa-9bf4-5840707dfb86,REP-0757,1.58,156.0,99,2018-03-20,2026-04-11,2026-06-17 13:59:55.765740
fc4312b7-cda1-46f8-a439-2595bff19f87,REP-0673,1.41,156.0,111,2017-03-18,2026-04-07,2026-06-17 13:59:55.765740
c9861677-575d-4516-bad2-2ddb29297339,REP-0281,1.38,156.0,113,2017-02-16,2026-05-13,2026-06-17 13:59:55.765740
0170d966-af84-4336-b0fd-0dc2df77cddc,REP-0582,1.24,156.0,126,2015-12-21,2026-04-02,2026-06-17 13:59:55.765740
da550f7a-0e38-439f-a000-0d036909542e,REP-0978,1.19,156.0,131,2015-06-10,2026-02-20,2026-06-17 13:59:55.765740
b1286af6-7e1c-4fab-9598-3a3478fda209,REP-0009,1.13,152.0,135,2015-04-23,2026-05-04,2026-06-17 13:59:55.765740
f6bb9c9d-9005-4849-9294-ae5f8fd2954e,REP-0234,1.26,152.0,121,2016-04-20,2026-03-11,2026-06-17 13:59:55.765740
008bd6d6-13d5-40f5-ba7f-7981576cd542,REP-0769,1.73,152.0,88,2019-03-15,2026-05-12,2026-06-17 13:59:55.765740
a0d49a8a-f476-4559-9fa2-7e900bfa5668,REP-0817,1.46,152.0,104,2017-10-30,2026-05-16,2026-06-17 13:59:55.765740
4154292f-e202-427b-9e81-131cbdd58121,REP-0798,1.2,148.0,123,2016-04-13,2026-05-18,2026-06-17 13:59:55.765740
948e5b58-ecf5-426b-950c-3bcb5506a688,REP-0475,1.45,148.0,102,2017-12-06,2026-03-26,2026-06-17 13:59:55.765740
61e448e8-3e74-4038-8ab0-9f0aeb347d68,REP-0360,1.18,148.0,125,2016-02-08,2026-05-08,2026-06-17 13:59:55.765740
c278edf9-cb47-4da5-be38-b81ba605a63a,REP-0957,1.12,148.0,132,2015-07-13,2026-05-08,2026-06-17 13:59:55.765740
e41e63d8-1d2a-41bf-845c-5c4fde843815,REP-0809,1.13,144.0,128,2015-08-28,2026-02-12,2026-06-17 13:59:55.765740
302ab44a-8a31-40ff-9654-751eb0e2d1b9,REP-0366,1.21,144.0,119,2016-03-28,2026-01-04,2026-06-17 13:59:55.765740
2e893da2-2ccd-4024-975e-8617f02c253b,REP-0460,1.08,144.0,133,2015-06-29,2026-05-23,2026-06-17 13:59:55.765740
84898e3e-5f9a-43bb-b5dd-7d8d43e78e59,REP-0394,1.2,140.0,117,2016-10-24,2026-05-20,2026-06-17 13:59:55.765740
1e80da08-fe70-4a99-9c71-61545b6287a8,REP-0820,1.12,140.0,125,2016-01-01,2026-03-19,2026-06-17 13:59:55.765740
ec0e6877-b251-4814-9688-ba1c747ef650,REP-0358,1.36,140.0,103,2017-10-11,2026-03-24,2026-06-17 13:59:55.765740
49ba1f9b-477b-48dc-bb2a-445bf8564bfe,REP-0570,1.2,140.0,117,2016-10-20,2026-05-15,2026-06-17 13:59:55.765740
c130b256-5782-4ed2-a583-1c74243b342a,REP-0979,1.05,140.0,133,2015-06-10,2026-04-16,2026-06-17 13:59:55.765740
76963c99-02a0-43bf-9050-5a40992be9bf,REP-0688,1.09,136.0,125,2016-01-10,2026-04-01,2026-06-17 13:59:55.765740
2e820554-c2fa-4d4c-a3de-bb5f371419f1,REP-0787,1.26,136.0,108,2017-07-03,2026-05-07,2026-06-17 13:59:55.765740
1d4d96f8-6885-4df0-b6d5-31b12b6544f4,REP-0247,1.56,136.0,87,2019-01-29,2026-03-07,2026-06-17 13:59:55.765740
6b6e33f1-4779-4d5d-9d1c-2dfaa883ce8a,REP-0399,1.18,136.0,115,2016-12-27,2026-05-18,2026-06-17 13:59:55.765740
e9bb2f4b-d417-4d87-be6a-6d7108908b5b,REP-0458,1.11,136.0,123,2015-09-19,2025-10-08,2026-06-17 13:59:55.765740
f332a5ff-42e6-4bbd-8408-26a297634d90,REP-0585,1.12,136.0,121,2016-03-24,2026-02-03,2026-06-17 13:59:55.765740
d4ef6117-f64d-4185-a7a4-adbe4da43a45,REP-0865,1.25,132.0,106,2017-06-15,2026-02-28,2026-06-17 13:59:55.765740
eb21aa76-09fd-4484-a15a-570b3799e9d6,REP-0955,1.08,132.0,122,2016-05-02,2026-05-09,2026-06-17 13:59:55.765740
ff4b6b7e-bda7-4ebc-8e42-c84661d57b37,REP-0157,1.19,132.0,111,2016-12-26,2026-01-24,2026-06-17 13:59:55.765740
3a9641b0-3bf3-4bd1-b07e-10227e5cb015,REP-0346,1.26,132.0,105,2017-07-20,2026-03-03,2026-06-17 13:59:55.765740
779cb9f3-51f8-439b-bf99-eab9946bdbd0,REP-0800,1.03,132.0,128,2015-09-19,2026-02-25,2026-06-17 13:59:55.765740
1bf8d01a-e7f8-4d99-b9af-cb3b79b23705,REP-0975,1.38,132.0,96,2018-01-28,2025-12-14,2026-06-17 13:59:55.765740
6e7e7edc-be97-404b-b300-29baf1698003,REP-1004,0.97,128.0,132,2015-06-04,2026-04-03,2026-06-17 13:59:55.765740
afcd8ca9-747f-4ebe-9c15-bbcde4c64aea,REP-0777,1.16,128.0,110,2017-01-06,2026-01-04,2026-06-17 13:59:55.765740
d6b786fe-4099-4ffd-b482-667391f60368,REP-0760,1.09,128.0,117,2016-09-01,2026-04-08,2026-06-17 13:59:55.765740
24c3858d-64e4-45bd-a011-255d1f718b65,REP-0949,0.96,128.0,133,2015-06-09,2026-05-11,2026-06-17 13:59:55.765740
4720be51-d771-4630-bdb9-2dab9338681e,REP-0551,1.11,128.0,115,2016-11-18,2026-04-26,2026-06-17 13:59:55.765740
77b8ed06-4346-42aa-a85c-d2569caa78b3,REP-0284,0.97,124.0,128,2015-06-12,2025-11-21,2026-06-17 13:59:55.765740
67f89e41-d871-4f7a-b8ff-ebc7e2d1871a,REP-0374,1.15,124.0,108,2017-07-13,2026-05-13,2026-06-17 13:59:55.765740
9a7a3d4c-fc44-4740-a697-ac9d66a23667,REP-0402,1.11,124.0,112,2017-03-06,2026-05-04,2026-06-17 13:59:55.765740
91889b2c-aad6-49c3-91b6-3654e65a8cbd,REP-0511,1.28,124.0,97,2017-11-13,2025-10-08,2026-06-17 13:59:55.765740
b88e8a8d-91a9-4399-903c-3413442fdc05,REP-0549,1.08,124.0,115,2016-12-31,2026-05-17,2026-06-17 13:59:55.765740
7c59c45d-b26a-4334-8677-cc2278c39b5e,REP-0963,1.28,124.0,97,2018-06-03,2026-05-10,2026-06-17 13:59:55.765740
a4c477a5-59f3-4a36-8a8f-4eae96520f40,REP-0618,1.01,120.0,119,2016-07-31,2026-05-10,2026-06-17 13:59:55.765740
286641e8-5527-4832-a6dc-0c0c888963fd,REP-0698,0.98,120.0,122,2016-05-25,2026-05-05,2026-06-17 13:59:55.765740
4df83600-bce4-4bc6-989c-68e3f26eae52,REP-1041,1.28,120.0,94,2017-03-01,2024-11-02,2026-06-17 13:59:55.765740
a213c6b5-6a2d-4a55-863e-72e67465dada,REP-0714,1.12,120.0,107,2017-08-14,2026-05-17,2026-06-17 13:59:55.765740
3474e718-de40-48f3-9e8b-fc2fb48ade75,REP-0988,1.01,120.0,119,2016-08-08,2026-05-11,2026-06-17 13:59:55.765740
0704ae8a-96cc-459c-a6f8-735f0ff778e0,REP-0646,0.9,120.0,134,2015-05-04,2026-04-19,2026-06-17 13:59:55.765740
1426eb6f-ae80-4769-9d23-28f259b43c4c,REP-0783,1.15,120.0,104,2017-09-21,2026-03-15,2026-06-17 13:59:55.765740
1fb4f501-23d0-4835-b210-2a577ac196d3,REP-0700,0.97,116.0,120,2016-05-21,2026-03-14,2026-06-17 13:59:55.765740
8eb0fdb9-a2e9-49f6-a26f-7e3b08484f21,REP-0685,1.13,116.0,103,2017-12-04,2026-05-04,2026-06-17 13:59:55.765740
217809cb-c327-4bfe-bf73-e2fccbb7891c,REP-0710,1.35,116.0,86,2019-03-05,2026-03-11,2026-06-17 13:59:55.765740
0708746e-cb34-4163-99df-63068579fa0c,REP-0803,1.13,116.0,103,2017-06-15,2025-11-10,2026-06-17 13:59:55.765740
30d242d7-19b8-4714-9171-3135edaa63a8,REP-0466,0.91,116.0,127,2015-11-28,2026-05-04,2026-06-17 13:59:55.765740
fc6c7aaa-f294-441a-8444-71717591c790,REP-0977,0.87,116.0,133,2015-06-05,2026-04-10,2026-06-17 13:59:55.765740
fd1159b2-7ca7-4037-bfb3-745dc867df6b,REP-0349,0.99,116.0,117,2016-10-12,2026-05-19,2026-06-17 13:59:55.765740
3a3482e7-0d38-4a77-bd45-fed29be99d62,REP-0392,1.0,116.0,116,2016-10-23,2026-04-09,2026-06-17 13:59:55.765740
e38df095-2006-4775-8a3d-93427eb3a0bc,REP-0409,1.06,112.0,106,2017-05-21,2026-01-12,2026-06-17 13:59:55.765740
1981d896-298b-40b4-8e93-a76217e9373a,REP-0403,1.22,112.0,92,2018-07-09,2026-01-10,2026-06-17 13:59:55.765740
4b3f17f4-bcd6-4ba9-a60c-f6fd1f770bb8,REP-0400,1.07,112.0,105,2016-12-31,2025-07-21,2026-06-17 13:59:55.765740
882da3a7-51af-4e83-aa5e-99c087deee12,REP-0221,1.05,112.0,107,2017-03-05,2025-12-13,2026-06-17 13:59:55.765740
f8eb59b7-4e08-45ad-8618-20fabcd2d2fa,REP-0535,0.94,112.0,119,2016-08-19,2026-05-10,2026-06-17 13:59:55.765740
43f459d7-9626-497f-8fab-ac2bd61948a3,REP-0792,1.04,112.0,108,2017-03-14,2026-01-13,2026-06-17 13:59:55.765740
2429b613-6200-418f-91c5-3e45bfe3ed6f,REP-0398,0.96,108.0,112,2017-03-05,2026-05-03,2026-06-17 13:59:55.765740
9cc3537f-2959-4fcc-b23a-cbde87d4531d,REP-0265,0.95,108.0,114,2016-12-05,2026-04-09,2026-06-17 13:59:55.765740
0ecc75c4-e8ab-40d5-ac8c-d545238dc6b4,REP-0676,0.98,108.0,110,2017-03-19,2026-03-26,2026-06-17 13:59:55.765740
a62248fd-ed33-478c-b0b0-9443ad1e74ac,REP-0801,1.14,108.0,95,2017-03-09,2024-12-16,2026-06-17 13:59:55.765740
47aae0ab-45e2-4b63-a955-90b3aed593b7,REP-0016,1.05,104.0,99,2018-03-17,2026-04-13,2026-06-17 13:59:55.765740
6f6e515a-24fd-4d6c-9e1f-b5d4395c94b4,REP-0621,0.96,104.0,108,2017-03-16,2026-01-23,2026-06-17 13:59:55.765740
f5fe290f-13d8-4c05-86e2-271f11365bc3,REP-0990,1.12,104.0,93,2018-09-08,2026-04-20,2026-06-17 13:59:55.765740
45373a9b-2f68-4f04-b249-a10d6fca4dac,ACEITE-MOTOR,100.0,100.0,1,2026-06-14,2026-06-16,2026-06-17 13:59:55.765740
62d7ef50-b6e3-4c3a-89e7-f9d9998c9527,REP-0960,0.92,100.0,109,2017-06-23,2026-05-11,2026-06-17 13:59:55.765740
ed0473ef-c56f-46ef-8784-5fefd30c34d9,REP-0552,0.86,96.0,111,2017-04-22,2026-05-14,2026-06-17 13:59:55.765740
1d0a425b-5a5c-424e-997e-fe59d0072aa9,REP-0958,1.07,96.0,90,2019-01-30,2026-05-25,2026-06-17 13:59:55.765740
3a4fea3e-2ff9-446a-9b65-8c28d3fd7cf6,REP-0537,0.86,96.0,111,2017-04-08,2026-05-01,2026-06-17 13:59:55.765740
4225fbf4-04fd-487d-9e31-299b48d6ffa3,REP-0359,0.94,96.0,102,2018-01-14,2026-05-21,2026-06-17 13:59:55.765740
85862c94-296a-430b-a54e-26eafdea1289,REP-0669,0.86,92.0,107,2017-06-16,2026-03-30,2026-06-17 13:59:55.765740
766b2204-d824-4b25-b312-b8c85fe90ef7,REP-0704,0.87,92.0,106,2017-09-10,2026-05-16,2026-06-17 13:59:55.765740
eaf993f5-e994-471a-a796-7d4b67bf763d,REP-0173,0.91,92.0,101,2018-02-04,2026-05-18,2026-06-17 13:59:55.765740
d2fd92c3-757a-4a93-80b6-054b53ca532e,REP-0282,1.06,92.0,87,2018-05-23,2025-07-05,2026-06-17 13:59:55.765740
61ca6964-3cea-44b1-b5b8-5ebd86865b21,REP-0807,0.87,92.0,106,2017-06-16,2026-02-15,2026-06-17 13:59:55.765740
81000a77-ac7e-4168-a215-0d4a3e20625a,REP-0692,0.73,92.0,126,2016-01-08,2026-04-18,2026-06-17 13:59:55.765740
295264a6-f1b2-4dbd-a8ac-053c2653f05b,REP-0973,1.1,88.0,80,2019-10-02,2026-04-06,2026-06-17 13:59:55.765740
bbe2c5dc-c864-4e20-a1c9-57dd7adc735c,REP-0405,1.02,88.0,86,2018-11-09,2025-11-11,2026-06-17 13:59:55.765740
c1fd707b-2160-4c52-be4c-a946ba34afaf,REP-0860,1.28,88.0,69,2020-04-04,2025-11-14,2026-06-17 13:59:55.765740
b635688d-bc10-4a27-b884-7131f8fbb7c6,REP-0790,0.85,88.0,103,2017-04-18,2025-09-17,2026-06-17 13:59:55.765740
0608d492-12e3-4e75-a50f-e79878e27d45,REP-0408,1.01,88.0,87,2018-08-20,2025-09-21,2026-06-17 13:59:55.765740
4ad3be8e-626b-45f5-9419-ab1397e66dfb,REP-0613,0.76,88.0,116,2016-10-25,2026-04-15,2026-06-17 13:59:55.765740
e06c1317-c512-4a5b-8a79-d6a3fad05f68,REP-0794,1.05,88.0,84,2019-07-06,2026-05-12,2026-06-17 13:59:55.765740
d4124563-371c-453b-82d7-ff7e2189b6b5,REP-0967,0.9,84.0,93,2018-10-16,2026-05-11,2026-06-17 13:59:55.765740
c446b22b-cc26-4d0e-9796-28813bdc34de,REP-0232,1.11,84.0,76,2019-09-29,2025-12-12,2026-06-17 13:59:55.765740
c35ae2d7-381b-4145-b590-ffeedce19318,REP-0690,0.75,84.0,112,2017-02-27,2026-05-01,2026-06-17 13:59:55.765740
7de6e6e8-d115-4ea2-a5db-96b5ed5a9757,REP-0903,0.86,84.0,98,2018-03-15,2026-03-12,2026-06-17 13:59:55.765740
5789456f-a32a-4f33-b14d-2d9579011db1,REP-0082,0.98,80.0,82,2019-06-25,2026-03-07,2026-06-17 13:59:55.765740
01b6c284-d627-4168-aba2-b35205c20dcc,REP-0945,0.87,80.0,92,2018-08-04,2026-02-22,2026-06-17 13:59:55.765740
b9bcc026-9828-4970-9b5c-d6a3118ea6a3,REP-0971,0.81,80.0,99,2018-01-30,2026-02-28,2026-06-17 13:59:55.765740
4acf5793-73d5-4590-a43b-09418f53418c,REP-0166,0.72,80.0,111,2017-04-18,2026-05-25,2026-06-17 13:59:55.765740
60f0268d-352f-4627-af45-02973b810407,REP-0766,0.82,76.0,93,2018-08-08,2026-03-15,2026-06-17 13:59:55.765740
f8025f79-6a1e-44cb-a736-690c66573919,REP-0199,0.68,76.0,112,2017-03-22,2026-05-14,2026-06-17 13:59:55.765740
1d320e96-0c2f-463b-b597-7ba3decf3a66,REP-0775,0.68,76.0,112,2017-01-12,2026-03-15,2026-06-17 13:59:55.765740
d3383d02-fff9-49f4-adbd-233cd3ba1d87,REP-0772,0.58,76.0,131,2015-08-10,2026-05-13,2026-06-17 13:59:55.765740
bd3aed59-40ba-44ef-86a0-d16df4e9aa5e,REP-0644,0.75,76.0,101,2017-11-21,2026-03-08,2026-06-17 13:59:55.765740
d5595dd2-2ef6-4c63-88f4-e41909e2c7ce,REP-0674,0.82,72.0,88,2018-06-14,2025-09-01,2026-06-17 13:59:55.765740
0be8f847-f46d-4729-8b63-37f51cff8882,REP-0797,0.77,72.0,94,2018-05-20,2026-01-30,2026-06-17 13:59:55.765740
2b68cc64-4e13-4d0a-9d51-8d0a6ffb115e,REP-0702,0.67,72.0,107,2017-04-27,2026-01-31,2026-06-17 13:59:55.765740
fa1d59ca-7384-4779-942a-f42421acca1b,REP-0336,0.58,68.0,118,2016-09-29,2026-05-13,2026-06-17 13:59:55.765740
72ba9231-ec39-463a-9f01-60d87a8e65c2,REP-0908,0.79,68.0,86,2019-04-03,2026-04-18,2026-06-17 13:59:55.765740
118a1b1b-abf8-4aa3-b137-5b940067d29f,REP-0983,0.97,68.0,70,2020-08-05,2026-04-26,2026-06-17 13:59:55.765740
84ca152c-a705-4b7c-ba94-730a1642e879,REP-0993,0.51,64.0,125,2016-01-27,2026-04-26,2026-06-17 13:59:55.765740
efafab35-c2a1-49f3-b891-60338b63e961,REP-0357,0.71,64.0,90,2019-01-15,2026-05-25,2026-06-17 13:59:55.765740
4022b98e-2701-4f16-bf64-14654a074d3d,REP-0712,0.62,64.0,104,2017-08-13,2026-02-19,2026-06-17 13:59:55.765740
cf69dd88-945c-4d6b-8688-031b1cd2bb97,REP-0411,0.75,64.0,85,2019-05-28,2026-04-28,2026-06-17 13:59:55.765740
de532c1a-8ffc-4bc1-b02d-a5e1368c3e69,REP-0364,0.56,64.0,115,2016-10-13,2026-03-06,2026-06-17 13:59:55.765740
1abf97e5-cd09-4bc3-90f2-4632f77162fe,REP-0867,0.62,64.0,104,2016-12-29,2025-07-10,2026-06-17 13:59:55.765740
9338a259-0e28-4d11-a3d6-589893f4f50a,REP-0906,0.83,64.0,77,2019-05-11,2025-08-26,2026-06-17 13:59:55.765740
fcac71c1-8ec1-4727-a8d5-1c81178e5191,REP-0401,0.82,60.0,73,2019-09-27,2025-09-07,2026-06-17 13:59:55.765740
69f30df8-190e-4a81-bfa5-c1bce4eeb682,REP-0554,0.73,60.0,82,2019-06-28,2026-02-23,2026-06-17 13:59:55.765740
bd6744b7-4c18-413c-90de-9ae907c6af2e,REP-0342,0.72,60.0,83,2019-02-21,2025-12-05,2026-06-17 13:59:55.765740
90dd3b3a-ce4d-4caa-9be4-cac514936015,REP-0659,0.5,60.0,119,2015-12-28,2025-09-22,2026-06-17 13:59:55.765740
96916f6c-c36c-4a1c-9660-a040dfda259d,REP-0542,0.5,56.0,113,2016-09-08,2025-11-27,2026-06-17 13:59:55.765740
5fd34836-899b-4dd9-a7f8-cf9efb5cc8f4,REP-0799,0.67,56.0,83,2019-04-14,2026-01-30,2026-06-17 13:59:55.765740
2a675fa9-8dbe-4243-a746-b7b1a5062748,REP-0159,0.67,56.0,83,2018-07-15,2025-05-04,2026-06-17 13:59:55.765740
27b65c3b-6161-4ba2-8942-554f05092053,REP-0953,1.02,56.0,55,2021-02-22,2025-08-05,2026-06-17 13:59:55.765740
fc86ddd6-7352-4efd-899e-9e7d1a6326f6,REP-0347,0.47,56.0,119,2016-07-31,2026-05-03,2026-06-17 13:59:55.765740
90758ce5-12e6-4545-bb83-0dd3a3c0ab5a,REP-0550,0.72,56.0,78,2019-10-25,2026-03-22,2026-06-17 13:59:55.765740
3e834a93-36e8-4172-8f0d-b3f272529429,REP-0395,0.67,52.0,78,2019-12-28,2026-05-16,2026-06-17 13:59:55.765740
6be55264-9f76-4aa6-b57a-73ebbbb62134,REP-0696,0.46,52.0,112,2017-02-28,2026-05-02,2026-06-17 13:59:55.765740
09f6eba9-b476-46d0-bb9a-87933285e4c1,REP-0256,0.93,52.0,56,2020-07-09,2025-01-27,2026-06-17 13:59:55.765740
81edf307-a89b-42e7-998e-dc537aa6a05c,REP-0961,0.48,52.0,108,2016-08-12,2025-06-15,2026-06-17 13:59:55.765740
cd29fc90-8c4d-4840-909d-b7eaabfb791b,REP-0383,0.61,48.0,79,2019-06-06,2025-11-21,2026-06-17 13:59:55.765740
18c90aaa-4ee0-4ec3-8114-312e2cd9fca3,REP-0686,0.56,48.0,86,2019-02-24,2026-03-14,2026-06-17 13:59:55.765740
66b5e0db-4cf4-4c2d-88f4-3404ca254db3,REP-0481,0.7,48.0,69,2019-08-15,2025-03-18,2026-06-17 13:59:55.765740
e3bd9aad-ac24-44a6-9f6f-98c3bbc8f877,REP-0805,0.45,48.0,107,2017-02-09,2025-11-22,2026-06-17 13:59:55.765740
a1a6b33b-6dfd-4653-8ecd-0aed9a5b60f7,REP-0662,0.62,48.0,77,2019-04-27,2025-07-29,2026-06-17 13:59:55.765740
bbe0927d-922b-4af0-b10d-cd029e6505ac,REP-0947,0.56,48.0,85,2019-05-30,2026-05-11,2026-06-17 13:59:55.765740
42ff4ba6-250f-4837-8df3-da18d97286fa,REP-0568,0.81,48.0,59,2020-07-22,2025-05-20,2026-06-17 13:59:55.765740
6e0f6579-b47d-4984-ac90-f757dd6ba341,REP-0611,0.52,48.0,92,2018-02-15,2025-08-20,2026-06-17 13:59:55.765740
3139a155-55ac-4760-8dda-7044c197945a,REP-0614,0.43,48.0,111,2016-12-12,2026-01-19,2026-06-17 13:59:55.765740
58d36997-e106-44b3-838a-49edf18c9ea2,REP-0062,0.4,44.0,109,2016-07-30,2025-06-24,2026-06-17 13:59:55.765740
2137c10a-ceb9-485b-adaf-bc7f89f2cda1,REP-0385,0.61,44.0,72,2020-02-23,2026-01-12,2026-06-17 13:59:55.765740
8beb598c-68cf-44fe-b0d3-192108194e0a,REP-0664,0.53,44.0,83,2018-07-24,2025-05-04,2026-06-17 13:59:55.765740
f9ee5c6f-f630-4da8-ace3-24f481384831,REP-0280,0.45,44.0,98,2018-03-17,2026-03-11,2026-06-17 13:59:55.765740
3867cce9-ecaf-4169-a655-5b3de25c0469,REP-0543,0.46,44.0,95,2017-09-24,2025-06-28,2026-06-17 13:59:55.765740
6d0bf751-74cf-466f-a975-c40eb609c781,REP-0684,0.42,44.0,106,2017-07-13,2026-03-13,2026-06-17 13:59:55.765740
4b37f18a-8704-4abd-85f9-9e8826891ef3,REP-0616,0.94,44.0,47,2021-09-01,2025-07-09,2026-06-17 13:59:55.765740
6153a3f1-b8aa-4cdb-bf48-57e6b07d8d4e,REP-0681,0.44,44.0,101,2017-11-04,2026-02-02,2026-06-17 13:59:55.765740
553b9dd0-0ac9-4111-ac85-6b2e7cfd97e3,REP-0517,0.44,44.0,99,2018-03-22,2026-04-17,2026-06-17 13:59:55.765740
b59b5cb3-80dc-4bee-b1c3-2b1b175c141b,REP-0965,0.45,44.0,97,2018-06-03,2026-04-28,2026-06-17 13:59:55.765740
2d74ea51-de07-41fb-bd42-8b4056fe60a7,REP-0414,0.61,40.0,66,2020-08-03,2025-12-11,2026-06-17 13:59:55.765740
509d7c6b-1f03-426b-97e0-38c9c9b46bcd,REP-0539,0.35,40.0,115,2016-02-01,2025-07-08,2026-06-17 13:59:55.765740
dc86206c-c522-4ed7-bb20-5c544468853e,REP-0950,0.41,40.0,98,2018-03-29,2026-04-06,2026-06-17 13:59:55.765740
da613772-b05f-4a3c-9677-0470e86359f8,JUNTA-BLOQUE,40.0,40.0,1,2026-06-14,2026-06-16,2026-06-17 13:59:55.765740
0015dbca-2c5c-462e-b098-6fe336488d5e,REP-0523,0.65,40.0,62,2021-03-27,2026-04-15,2026-06-17 13:59:55.765740
8ebcf912-f1c9-43c4-849b-8a330dd40429,REP-0229,0.32,36.0,112,2016-07-24,2025-10-02,2026-06-17 13:59:55.765740
d69c705f-7cb3-48cd-8dfd-c4c7ec352fe0,REP-0387,0.39,36.0,92,2018-11-10,2026-05-16,2026-06-17 13:59:55.765740
d9bc5f74-bfa2-4a03-95be-9e57b6197a9d,REP-0912,0.64,36.0,56,2020-07-13,2025-02-09,2026-06-17 13:59:55.765740
e2eea459-a9b1-45ef-b5e8-046df26ed647,REP-0602,0.42,36.0,86,2018-10-28,2025-10-30,2026-06-17 13:59:55.765740
54c18bf3-8311-4811-805f-100770a986d9,REP-0235,0.39,36.0,92,2017-08-06,2025-02-09,2026-06-17 13:59:55.765740
79f0af75-63c7-454d-a9c3-5cbe1cb0e3a4,REP-0406,0.5,32.0,64,2021-02-15,2026-05-15,2026-06-17 13:59:55.765740
4b4e2cd3-c14c-4d1c-9962-702c70b2b09e,REP-0601,1.19,32.0,27,2022-02-24,2024-04-26,2026-06-17 13:59:55.765740
5c1cc22b-f07b-4785-9334-f31ad1be69af,REP-0781,0.33,32.0,97,2016-08-18,2024-07-11,2026-06-17 13:59:55.765740
c88b32e6-a6dd-4b0a-89d7-6d9439cf4921,REP-0223,0.35,32.0,92,2018-01-29,2025-08-13,2026-06-17 13:59:55.765740
2245970b-f0fa-46c0-ab37-5003a364d5d1,REP-0991,0.43,32.0,74,2019-12-08,2025-12-22,2026-06-17 13:59:55.765740
7b1bb3e8-429d-49e8-b66e-dfd883c13f46,REP-0362,0.41,32.0,79,2019-04-20,2025-10-06,2026-06-17 13:59:55.765740
4ae8c7c7-755b-4d6c-8ffc-db30c8ab618a,REP-0463,0.3,32.0,107,2017-08-27,2026-05-18,2026-06-17 13:59:55.765740
5139d3cf-ac92-4fb3-918c-0f9f5ea52cda,REP-0412,0.44,28.0,63,2020-09-10,2025-11-11,2026-06-17 13:59:55.765740
1b9bc1eb-19b4-4e50-845e-f75070ce8c70,REP-0377,0.24,28.0,117,2016-09-06,2026-04-10,2026-06-17 13:59:55.765740
9e082f3a-c1b1-4cef-a998-57e59f585e0a,REP-0980,0.33,28.0,84,2019-05-11,2026-04-03,2026-06-17 13:59:55.765740
cd7a0ace-70a1-4643-baef-826fc00caee8,REP-0660,0.32,24.0,75,2019-09-18,2025-10-30,2026-06-17 13:59:55.765740
87d68013-ed35-4733-81ac-a2f600a24d19,REP-0345,0.4,24.0,60,2021-06-12,2026-04-22,2026-06-17 13:59:55.765740
a1da020e-3d1a-4df2-afcd-f5996a783c72,REP-0672,0.29,24.0,83,2019-06-15,2026-03-23,2026-06-17 13:59:55.765740
e53878ff-e161-4181-8524-36f94bdb03f4,REP-0974,0.53,20.0,38,2020-05-21,2023-07-01,2026-06-17 13:59:55.765740
da654e60-5216-4b86-a978-aee4aa2def73,REP-0693,0.2,20.0,100,2017-12-10,2026-02-05,2026-06-17 13:59:55.765740
0d10544b-3ea9-4568-a7bc-9750e5090eaf,REFRIGERANTE,20.0,20.0,1,2026-06-13,2026-06-16,2026-06-17 13:59:55.765740
68497842-adc0-4dd8-8edf-a856ab2d95c1,REP-0404,0.24,20.0,85,2018-07-28,2025-07-18,2026-06-17 13:59:55.765740
897bf350-cfd6-4665-8ad2-10ca70a0d94d,REP-0162,0.31,20.0,64,2020-07-15,2025-09-22,2026-06-17 13:59:55.765740
8fd12826-aac6-446f-b8ce-545fa6031950,FILTRO-ACEITE,20.0,20.0,1,2026-06-14,2026-06-16,2026-06-17 13:59:55.765740
0c03e4f1-8c13-4399-b531-6774123a4a78,REP-0705,0.2,20.0,102,2016-10-17,2025-03-02,2026-06-17 13:59:55.765740
1d4e2c91-a9de-4f4c-958c-e67e3ebe3884,REP-0875,0.43,20.0,46,2022-01-13,2025-10-17,2026-06-17 13:59:55.765740
85b7d664-8044-4da1-854e-1f17bf144b3e,REP-0037,0.28,20.0,71,2018-04-12,2024-01-15,2026-06-17 13:59:55.765740
888c8bda-16c7-486e-a519-f16775192251,REP-0956,0.18,20.0,113,2016-06-21,2025-10-01,2026-06-17 13:59:55.765740
c1861b9e-680f-4fc7-bb77-45005c397d89,REP-0699,0.28,20.0,72,2019-02-21,2025-01-08,2026-06-17 13:59:55.765740
5d6c2e02-184a-48ef-822e-6f2d787fb4f1,REP-0469,0.48,20.0,42,2022-04-27,2025-09-30,2026-06-17 13:59:55.765740
83d6548b-ccf8-4b05-967c-1d6989b69232,REP-0989,0.29,16.0,56,2020-07-01,2025-01-11,2026-06-17 13:59:55.765740
80e558dd-2cb0-40eb-833a-dcbe13fee752,SUSPENSION-AMORTIGUADOR,16.0,16.0,1,2026-06-13,2026-06-15,2026-06-17 13:59:55.765740
d22a64b7-d68a-4e85-905b-c20c70101dc3,REP-1021,0.17,16.0,92,2018-06-03,2025-12-18,2026-06-17 13:59:55.765740
1bd6c63b-1f30-45b6-8ca1-c3e7182aced4,REP-0795,0.14,16.0,114,2016-04-08,2025-07-26,2026-06-17 13:59:55.765740
8c136a71-286b-40e1-9bf2-452268c23fce,REP-1015,0.26,16.0,61,2020-11-30,2025-11-30,2026-06-17 13:59:55.765740
4bd88660-787f-42f9-955b-43413fe07fc2,REP-1044,16.0,16.0,1,2017-08-14,2017-08-14,2026-06-17 13:59:55.765740
0b590fc5-3312-4c8c-a22f-98173a2db547,REP-0959,0.76,16.0,21,2020-08-15,2022-04-27,2026-06-17 13:59:55.765740
e93f2022-59a7-46a1-b6d6-f893165a82d7,REP-0986,0.44,16.0,36,2022-07-07,2025-06-13,2026-06-17 13:59:55.765740
6da9f3ab-c00a-4d48-b57a-45f642cad081,REP-0708,0.57,12.0,21,2023-02-06,2024-10-17,2026-06-17 13:59:55.765740
501de271-39c3-4d8a-ba68-6229ec47a613,REP-0778,0.33,12.0,36,2021-07-12,2024-06-17,2026-06-17 13:59:55.765740
623cd879-1c63-4ffe-a7e4-b8cba9cd680e,FRENO-PASTILLA-001,12.0,12.0,1,2026-06-13,2026-06-15,2026-06-17 13:59:55.765740
c533198a-94af-4a7b-a590-d0fa24105793,REP-0201,0.14,12.0,87,2017-04-02,2024-05-23,2026-06-17 13:59:55.765740
be6191f9-ea0c-4c1b-850d-39bd90c00995,REP-0164,0.71,12.0,17,2024-02-20,2025-06-15,2026-06-17 13:59:55.765740
825ca42f-3f53-4b54-bbed-4168af9eedc7,REP-0661,0.48,12.0,25,2021-11-13,2023-11-25,2026-06-17 13:59:55.765740
ca55c980-a1dd-426f-b8a7-720b2ffd461b,REP-0553,1.09,12.0,11,2022-02-16,2022-12-31,2026-06-17 13:59:55.765740
b642c595-d4d7-46c3-8a48-f84164eca713,REP-0642,0.09,12.0,127,2015-11-29,2026-04-15,2026-06-17 13:59:55.765740
c6364e1b-0683-4c71-8138-91db159557c4,REP-0968,1.33,8.0,6,2023-12-10,2024-05-29,2026-06-17 13:59:55.765740
8264763a-7d2d-4b50-9fda-44ee98f6c7e2,REP-0388,0.1,8.0,78,2018-08-25,2025-01-11,2026-06-17 13:59:55.765740
0a4f1e15-a6a2-4215-b69d-0e4a4dfd7d5d,REP-0410,0.29,8.0,28,2020-03-18,2022-07-06,2026-06-17 13:59:55.765740
8f17d89d-a13a-4d02-ba7f-65f5888f849f,REP-0283,0.17,8.0,48,2021-01-19,2024-12-15,2026-06-17 13:59:55.765740
3ade2ce0-e607-42ce-9e82-50561882325b,REP-0687,1.14,8.0,7,2023-06-05,2023-12-04,2026-06-17 13:59:55.765740
1c4fd53d-1e50-42e3-85c1-3558528ff45d,JUNTA-RADIADOR,8.0,8.0,1,2026-06-13,2026-06-16,2026-06-17 13:59:55.765740
6a3b7948-0129-45e1-9454-fda342663eed,REP-0909,8.0,8.0,1,2022-11-13,2022-11-13,2026-06-17 13:59:55.765740
293afa4e-901a-4581-809e-34801ea60db4,SUSPENSION-ESPIRAL,8.0,8.0,1,2026-06-13,2026-06-15,2026-06-17 13:59:55.765740
7be5f781-8d32-4889-98c0-b1588a4f0c6b,REP-0211,8.0,8.0,1,2023-07-08,2023-07-08,2026-06-17 13:59:55.765740
2c61a557-78cb-4d7d-bad8-d660428c18b5,FRENO-LIQUIDO,6.0,6.0,1,2026-06-13,2026-06-15,2026-06-17 13:59:55.765740
20cc6636-af06-47cd-9452-7b2772103364,CILINDRO-RUEDA,6.0,6.0,1,2026-06-13,2026-06-15,2026-06-17 13:59:55.765740
775c2ddc-f3e8-4dde-8b3d-464e5293fbb7,REP-0025,4.0,4.0,1,2025-06-16,2025-06-16,2026-06-17 13:59:55.765740
d408487c-dd08-43d0-b7a2-f0755fbec796,REP-0663,4.0,4.0,1,2024-07-28,2024-07-28,2026-06-17 13:59:55.765740
3173b4d6-2aa3-4e30-accc-d8a9ebd17ee1,REP-0088,4.0,4.0,1,2018-02-12,2018-02-12,2026-06-17 13:59:55.765740
382b8e91-68a8-4e28-88d8-2e3698335962,REP-0049,4.0,4.0,1,2024-04-24,2024-04-24,2026-06-17 13:59:55.765740
ff4581e7-f25a-45a8-8c8a-0345729a4922,REP-0390,4.0,4.0,1,2020-11-15,2020-11-15,2026-06-17 13:59:55.765740
6b5331dd-612f-47d5-82cb-e3d91c314414,TERMOSTATO,4.0,4.0,1,2026-06-13,2026-06-16,2026-06-17 13:59:55.765740
9165e57a-eb4a-4f68-8528-22769363c237,RADIADOR-AGUA,4.0,4.0,1,2026-06-13,2026-06-16,2026-06-17 13:59:55.765740
54a0216e-fc2f-4e6c-9909-6c60c74855a0,REP-0612,4.0,4.0,1,2025-05-02,2025-05-02,2026-06-17 13:59:55.765740
fb889346-d496-495e-8f21-017786fb5e33,REP-0365,4.0,4.0,1,2023-04-25,2023-04-25,2026-06-17 13:59:55.765740
5c300b22-17b9-4173-bc7e-ac66b7fab5c0,REP-0962,4.0,4.0,1,2025-08-01,2025-08-01,2026-06-17 13:59:55.765740
7c814a3b-881e-4c02-9785-2c2290b92cd0,REP-0014,4.0,4.0,1,2022-03-09,2022-03-09,2026-06-17 13:59:55.765740
3a87b54c-46c7-4ea8-8799-d1c18571f275,FRENO-PASTILLA-SPRAY,3.0,3.0,1,2026-06-13,2026-06-15,2026-06-17 13:59:55.765740
