id,sistema,sku,cantidad_promedio_por_intervencion,fecha_calculo
1,carrocer鈭氣墵a,REP-0756,4.5,2026-06-16 00:15:51.678088
2,carrocer鈭氣墵a,REP-0757,6.0,2026-06-16 00:15:51.678088
3,carrocer鈭氣墵a,REP-0758,4.888888888888889,2026-06-16 00:15:51.678088
4,carrocer鈭氣墵a,REP-0759,4.4,2026-06-16 00:15:51.678088
5,carrocer鈭氣墵a,REP-0760,4.0,2026-06-16 00:15:51.678088
6,carrocer鈭氣墵a,REP-0761,5.0,2026-06-16 00:15:51.678088
7,carrocer鈭氣墵a,REP-0762,5.0,2026-06-16 00:15:51.678088
8,carrocer鈭氣墵a,REP-0763,4.0,2026-06-16 00:15:51.678088
9,carrocer鈭氣墵a,REP-0764,4.571428571428571,2026-06-16 00:15:51.678088
10,carrocer鈭氣墵a,REP-0765,5.333333333333333,2026-06-16 00:15:51.678088
11,carrocer鈭氣墵a,REP-0766,4.0,2026-06-16 00:15:51.678088
12,carrocer鈭氣墵a,REP-0767,4.444444444444445,2026-06-16 00:15:51.678088
13,carrocer鈭氣墵a,REP-0768,4.333333333333333,2026-06-16 00:15:51.678088
14,carrocer鈭氣墵a,REP-0769,4.0,2026-06-16 00:15:51.678088
15,carrocer鈭氣墵a,REP-0770,5.090909090909091,2026-06-16 00:15:51.678088
16,carrocer鈭氣墵a,REP-0771,6.4,2026-06-16 00:15:51.678088
17,carrocer鈭氣墵a,REP-0772,4.0,2026-06-16 00:15:51.678088
18,carrocer鈭氣墵a,REP-0773,4.0,2026-06-16 00:15:51.678088
19,carrocer鈭氣墵a,REP-0774,4.0,2026-06-16 00:15:51.678088
20,carrocer鈭氣墵a,REP-0775,4.0,2026-06-16 00:15:51.678088
21,carrocer鈭氣墵a,REP-0776,4.8,2026-06-16 00:15:51.678088
22,carrocer鈭氣墵a,REP-0777,4.0,2026-06-16 00:15:51.678088
23,carrocer鈭氣墵a,REP-0779,4.8,2026-06-16 00:15:51.678088
24,carrocer鈭氣墵a,REP-0780,5.333333333333333,2026-06-16 00:15:51.678088
25,carrocer鈭氣墵a,REP-0782,4.8,2026-06-16 00:15:51.678088
26,carrocer鈭氣墵a,REP-0783,4.0,2026-06-16 00:15:51.678088
27,carrocer鈭氣墵a,REP-0785,4.5,2026-06-16 00:15:51.678088
28,direcci鈭氣墺n,REP-0002,4.0,2026-06-16 00:15:51.678088
29,direcci鈭氣墺n,REP-0021,13.454545454545455,2026-06-16 00:15:51.678088
30,direcci鈭氣墺n,REP-0042,4.0,2026-06-16 00:15:51.678088
31,direcci鈭氣墺n,REP-0083,5.714285714285714,2026-06-16 00:15:51.678088
32,direcci鈭氣墺n,REP-0098,16.0,2026-06-16 00:15:51.678088
33,direcci鈭氣墺n,REP-0107,16.0,2026-06-16 00:15:51.678088
34,direcci鈭氣墺n,REP-0108,6.0,2026-06-16 00:15:51.678088
35,direcci鈭氣墺n,REP-0113,18.0,2026-06-16 00:15:51.678088
36,direcci鈭氣墺n,REP-0114,8.0,2026-06-16 00:15:51.678088
37,direcci鈭氣墺n,REP-0116,4.0,2026-06-16 00:15:51.678088
38,direcci鈭氣墺n,REP-0296,24.0,2026-06-16 00:15:51.678088
39,direcci鈭氣墺n,REP-0297,16.0,2026-06-16 00:15:51.678088
40,direcci鈭氣墺n,REP-0549,4.0,2026-06-16 00:15:51.678088
41,direcci鈭氣墺n,REP-0550,4.0,2026-06-16 00:15:51.678088
42,direcci鈭氣墺n,REP-0551,5.0,2026-06-16 00:15:51.678088
43,direcci鈭氣墺n,REP-0552,4.8,2026-06-16 00:15:51.678088
44,direcci鈭氣墺n,REP-0554,4.0,2026-06-16 00:15:51.678088
45,direcci鈭氣墺n,REP-0555,5.0,2026-06-16 00:15:51.678088
46,direcci鈭氣墺n,REP-0556,4.666666666666667,2026-06-16 00:15:51.678088
47,direcci鈭氣墺n,REP-0557,4.5,2026-06-16 00:15:51.678088
48,direcci鈭氣墺n,REP-0558,4.5,2026-06-16 00:15:51.678088
49,direcci鈭氣墺n,REP-0559,4.0,2026-06-16 00:15:51.678088
50,direcci鈭氣墺n,REP-0560,5.6,2026-06-16 00:15:51.678088
51,direcci鈭氣墺n,REP-0561,4.0,2026-06-16 00:15:51.678088
52,direcci鈭氣墺n,REP-0562,4.0,2026-06-16 00:15:51.678088
53,direcci鈭氣墺n,REP-0563,4.444444444444445,2026-06-16 00:15:51.678088
54,direcci鈭氣墺n,REP-0564,4.470588235294118,2026-06-16 00:15:51.678088
55,direcci鈭氣墺n,REP-0565,5.0,2026-06-16 00:15:51.678088
56,direcci鈭氣墺n,REP-0566,4.0,2026-06-16 00:15:51.678088
57,direcci鈭氣墺n,REP-0567,4.666666666666667,2026-06-16 00:15:51.678088
58,direcci鈭氣墺n,REP-0569,4.363636363636363,2026-06-16 00:15:51.678088
59,direcci鈭氣墺n,REP-0570,4.0,2026-06-16 00:15:51.678088
60,direcci鈭氣墺n,REP-0572,4.0,2026-06-16 00:15:51.678088
61,direcci鈭氣墺n,REP-0573,4.888888888888889,2026-06-16 00:15:51.678088
62,direcci鈭氣墺n,REP-0574,4.571428571428571,2026-06-16 00:15:51.678088
63,direcci鈭氣墺n,REP-0575,13.5,2026-06-16 00:15:51.678088
64,direcci鈭氣墺n,REP-0576,12.8,2026-06-16 00:15:51.678088
65,direcci鈭氣墺n,REP-0577,13.6,2026-06-16 00:15:51.678088
66,direcci鈭氣墺n,REP-0578,12.571428571428571,2026-06-16 00:15:51.678088
67,direcci鈭氣墺n,REP-0579,16.8,2026-06-16 00:15:51.678088
68,direcci鈭氣墺n,REP-0580,17.0,2026-06-16 00:15:51.678088
69,direcci鈭氣墺n,REP-0581,5.142857142857143,2026-06-16 00:15:51.678088
70,direcci鈭氣墺n,REP-0582,4.8,2026-06-16 00:15:51.678088
71,direcci鈭氣墺n,REP-0583,4.8,2026-06-16 00:15:51.678088
72,direcci鈭氣墺n,REP-0584,4.8,2026-06-16 00:15:51.678088
73,direcci鈭氣墺n,REP-0585,4.0,2026-06-16 00:15:51.678088
74,direcci鈭氣墺n,REP-0586,5.142857142857143,2026-06-16 00:15:51.678088
75,direcci鈭氣墺n,REP-0587,5.0,2026-06-16 00:15:51.678088
76,direcci鈭氣墺n,REP-0588,4.235294117647059,2026-06-16 00:15:51.678088
77,direcci鈭氣墺n,REP-0589,4.470588235294118,2026-06-16 00:15:51.678088
78,direcci鈭氣墺n,REP-0590,4.923076923076923,2026-06-16 00:15:51.678088
79,direcci鈭氣墺n,REP-0591,4.8,2026-06-16 00:15:51.678088
80,direcci鈭氣墺n,REP-0592,4.296296296296297,2026-06-16 00:15:51.678088
81,direcci鈭氣墺n,REP-0593,4.3478260869565215,2026-06-16 00:15:51.678088
82,direcci鈭氣墺n,REP-0594,4.0,2026-06-16 00:15:51.678088
83,direcci鈭氣墺n,REP-0595,5.076923076923077,2026-06-16 00:15:51.678088
84,direcci鈭氣墺n,REP-0596,4.296296296296297,2026-06-16 00:15:51.678088
85,direcci鈭氣墺n,REP-0597,4.0,2026-06-16 00:15:51.678088
86,direcci鈭氣墺n,REP-0598,4.666666666666667,2026-06-16 00:15:51.678088
87,direcci鈭氣墺n,REP-0625,4.0,2026-06-16 00:15:51.678088
88,direcci鈭氣墺n,REP-0628,8.0,2026-06-16 00:15:51.678088
89,direcci鈭氣墺n,REP-0647,12.0,2026-06-16 00:15:51.678088
90,direcci鈭氣墺n,REP-0652,10.0,2026-06-16 00:15:51.678088
91,direcci鈭氣墺n,REP-0723,15.0,2026-06-16 00:15:51.678088
92,direcci鈭氣墺n,REP-0724,28.0,2026-06-16 00:15:51.678088
93,direcci鈭氣墺n,REP-0726,33.333333333333336,2026-06-16 00:15:51.678088
94,direcci鈭氣墺n,REP-0728,26.0,2026-06-16 00:15:51.678088
95,direcci鈭氣墺n,REP-0736,4.0,2026-06-16 00:15:51.678088
96,direcci鈭氣墺n,REP-0859,12.0,2026-06-16 00:15:51.678088
97,direcci鈭氣墺n,REP-0915,5.333333333333333,2026-06-16 00:15:51.678088
98,direcci鈭氣墺n,REP-0917,4.0,2026-06-16 00:15:51.678088
99,direcci鈭氣墺n,REP-0918,8.0,2026-06-16 00:15:51.678088
100,direcci鈭氣墺n,REP-0920,8.0,2026-06-16 00:15:51.678088
101,lubricaci鈭氣墺n,REP-0098,12.0,2026-06-16 00:15:51.678088
102,lubricaci鈭氣墺n,REP-0107,4.0,2026-06-16 00:15:51.678088
103,lubricaci鈭氣墺n,REP-0108,8.0,2026-06-16 00:15:51.678088
104,lubricaci鈭氣墺n,REP-0113,8.0,2026-06-16 00:15:51.678088
105,lubricaci鈭氣墺n,REP-0120,4.0,2026-06-16 00:15:51.678088
106,lubricaci鈭氣墺n,REP-0205,5.333333333333333,2026-06-16 00:15:51.678088
107,lubricaci鈭氣墺n,REP-0207,16.0,2026-06-16 00:15:51.678088
108,lubricaci鈭氣墺n,REP-0210,4.0,2026-06-16 00:15:51.678088
109,lubricaci鈭氣墺n,REP-0287,8.0,2026-06-16 00:15:51.678088
110,lubricaci鈭氣墺n,REP-0291,6.0,2026-06-16 00:15:51.678088
111,lubricaci鈭氣墺n,REP-0293,4.0,2026-06-16 00:15:51.678088
112,lubricaci鈭氣墺n,REP-0623,4.0,2026-06-16 00:15:51.678088
113,lubricaci鈭氣墺n,REP-0625,12.0,2026-06-16 00:15:51.678088
114,lubricaci鈭氣墺n,REP-0628,6.0,2026-06-16 00:15:51.678088
115,lubricaci鈭氣墺n,REP-0647,4.0,2026-06-16 00:15:51.678088
116,lubricaci鈭氣墺n,REP-0648,8.0,2026-06-16 00:15:51.678088
117,lubricaci鈭氣墺n,REP-0649,4.0,2026-06-16 00:15:51.678088
118,lubricaci鈭氣墺n,REP-0650,4.0,2026-06-16 00:15:51.678088
119,lubricaci鈭氣墺n,REP-0652,4.0,2026-06-16 00:15:51.678088
120,lubricaci鈭氣墺n,REP-0723,4.0,2026-06-16 00:15:51.678088
121,lubricaci鈭氣墺n,REP-0725,14.0,2026-06-16 00:15:51.678088
122,lubricaci鈭氣墺n,REP-0726,16.0,2026-06-16 00:15:51.678088
123,lubricaci鈭氣墺n,REP-0728,20.0,2026-06-16 00:15:51.678088
124,lubricaci鈭氣墺n,REP-0730,4.0,2026-06-16 00:15:51.678088
125,lubricaci鈭氣墺n,REP-0732,4.0,2026-06-16 00:15:51.678088
126,lubricaci鈭氣墺n,REP-0735,4.0,2026-06-16 00:15:51.678088
127,lubricaci鈭氣墺n,REP-0736,4.0,2026-06-16 00:15:51.678088
128,lubricaci鈭氣墺n,REP-0738,4.0,2026-06-16 00:15:51.678088
129,lubricaci鈭氣墺n,REP-0741,4.0,2026-06-16 00:15:51.678088
130,lubricaci鈭氣墺n,REP-0822,4.0,2026-06-16 00:15:51.678088
131,lubricaci鈭氣墺n,REP-0881,12.2,2026-06-16 00:15:51.678088
132,lubricaci鈭氣墺n,REP-0882,8.0,2026-06-16 00:15:51.678088
133,lubricaci鈭氣墺n,REP-0883,12.25,2026-06-16 00:15:51.678088
134,lubricaci鈭氣墺n,REP-0884,9.142857142857142,2026-06-16 00:15:51.678088
135,lubricaci鈭氣墺n,REP-0885,9.714285714285714,2026-06-16 00:15:51.678088
136,lubricaci鈭氣墺n,REP-0886,9.666666666666666,2026-06-16 00:15:51.678088
137,lubricaci鈭氣墺n,REP-0887,10.222222222222221,2026-06-16 00:15:51.678088
138,lubricaci鈭氣墺n,REP-0888,9.0,2026-06-16 00:15:51.678088
139,lubricaci鈭氣墺n,REP-0889,10.8,2026-06-16 00:15:51.678088
140,lubricaci鈭氣墺n,REP-0890,8.88888888888889,2026-06-16 00:15:51.678088
141,lubricaci鈭氣墺n,REP-0891,4.0,2026-06-16 00:15:51.678088
142,lubricaci鈭氣墺n,REP-0892,9.5,2026-06-16 00:15:51.678088
143,lubricaci鈭氣墺n,REP-0893,11.777777777777779,2026-06-16 00:15:51.678088
144,lubricaci鈭氣墺n,REP-0894,6.857142857142857,2026-06-16 00:15:51.678088
145,lubricaci鈭氣墺n,REP-0895,10.545454545454545,2026-06-16 00:15:51.678088
146,lubricaci鈭氣墺n,REP-0896,12.666666666666666,2026-06-16 00:15:51.678088
147,lubricaci鈭氣墺n,REP-0897,4.0,2026-06-16 00:15:51.678088
148,lubricaci鈭氣墺n,REP-0898,12.222222222222221,2026-06-16 00:15:51.678088
149,lubricaci鈭氣墺n,REP-0899,10.857142857142858,2026-06-16 00:15:51.678088
150,lubricaci鈭氣墺n,REP-0900,4.0,2026-06-16 00:15:51.678088
151,lubricaci鈭氣墺n,REP-0901,7.333333333333333,2026-06-16 00:15:51.678088
152,lubricaci鈭氣墺n,REP-0902,7.555555555555555,2026-06-16 00:15:51.678088
153,lubricaci鈭氣墺n,REP-0903,4.0,2026-06-16 00:15:51.678088
154,lubricaci鈭氣墺n,REP-0904,7.466666666666667,2026-06-16 00:15:51.678088
155,lubricaci鈭氣墺n,REP-0905,10.0,2026-06-16 00:15:51.678088
156,lubricaci鈭氣墺n,REP-0907,11.0,2026-06-16 00:15:51.678088
157,lubricaci鈭氣墺n,REP-0908,4.0,2026-06-16 00:15:51.678088
158,lubricaci鈭氣墺n,REP-0910,5.0,2026-06-16 00:15:51.678088
159,lubricaci鈭氣墺n,REP-0911,10.117647058823529,2026-06-16 00:15:51.678088
160,lubricaci鈭氣墺n,REP-0913,6.8,2026-06-16 00:15:51.678088
161,lubricaci鈭氣墺n,REP-0914,4.8,2026-06-16 00:15:51.678088
162,lubricaci鈭氣墺n,REP-0915,7.471698113207547,2026-06-16 00:15:51.678088
163,lubricaci鈭氣墺n,REP-0916,8.0,2026-06-16 00:15:51.678088
164,lubricaci鈭氣墺n,REP-0917,8.129032258064516,2026-06-16 00:15:51.678088
165,lubricaci鈭氣墺n,REP-0918,9.212121212121213,2026-06-16 00:15:51.678088
166,lubricaci鈭氣墺n,REP-0919,9.4,2026-06-16 00:15:51.678088
167,lubricaci鈭氣墺n,REP-0920,8.216216216216216,2026-06-16 00:15:51.678088
168,motor,ACEITE-MOTOR,10.0,2026-06-16 00:15:51.678088
169,motor,FILTRO-ACEITE,2.0,2026-06-16 00:15:51.678088
170,motor,JUNTA-BLOQUE,4.0,2026-06-16 00:15:51.678088
171,motor,PERNO-BLOQUE,16.0,2026-06-16 00:15:51.678088
172,motor,REP-0002,10.488888888888889,2026-06-16 00:15:51.678088
173,motor,REP-0013,4.0,2026-06-16 00:15:51.678088
174,motor,REP-0076,17.5,2026-06-16 00:15:51.678088
175,motor,REP-0086,19.545454545454547,2026-06-16 00:15:51.678088
176,motor,REP-0097,19.05263157894737,2026-06-16 00:15:51.678088
177,motor,REP-0098,11.0,2026-06-16 00:15:51.678088
178,motor,REP-0099,10.666666666666666,2026-06-16 00:15:51.678088
179,motor,REP-0102,5.6,2026-06-16 00:15:51.678088
180,motor,REP-0103,6.4,2026-06-16 00:15:51.678088
181,motor,REP-0107,10.857142857142858,2026-06-16 00:15:51.678088
182,motor,REP-0108,6.0,2026-06-16 00:15:51.678088
183,motor,REP-0110,14.666666666666666,2026-06-16 00:15:51.678088
184,motor,REP-0111,12.0,2026-06-16 00:15:51.678088
185,motor,REP-0113,6.0,2026-06-16 00:15:51.678088
186,motor,REP-0120,4.0,2026-06-16 00:15:51.678088
187,motor,REP-0125,8.0,2026-06-16 00:15:51.678088
188,motor,REP-0169,4.0,2026-06-16 00:15:51.678088
189,motor,REP-0170,4.0,2026-06-16 00:15:51.678088
190,motor,REP-0171,4.4,2026-06-16 00:15:51.678088
191,motor,REP-0172,4.666666666666667,2026-06-16 00:15:51.678088
192,motor,REP-0173,6.0,2026-06-16 00:15:51.678088
193,motor,REP-0174,4.0,2026-06-16 00:15:51.678088
194,motor,REP-0175,4.8,2026-06-16 00:15:51.678088
195,motor,REP-0176,4.444444444444445,2026-06-16 00:15:51.678088
196,motor,REP-0177,4.363636363636363,2026-06-16 00:15:51.678088
197,motor,REP-0178,4.333333333333333,2026-06-16 00:15:51.678088
198,motor,REP-0179,5.333333333333333,2026-06-16 00:15:51.678088
199,motor,REP-0180,5.777777777777778,2026-06-16 00:15:51.678088
200,motor,REP-0181,4.0,2026-06-16 00:15:51.678088
201,motor,REP-0182,5.5,2026-06-16 00:15:51.678088
202,motor,REP-0183,4.0,2026-06-16 00:15:51.678088
203,motor,REP-0184,4.0,2026-06-16 00:15:51.678088
204,motor,REP-0185,4.444444444444445,2026-06-16 00:15:51.678088
205,motor,REP-0186,4.363636363636363,2026-06-16 00:15:51.678088
206,motor,REP-0187,5.103448275862069,2026-06-16 00:15:51.678088
207,motor,REP-0188,4.615384615384615,2026-06-16 00:15:51.678088
208,motor,REP-0189,4.645161290322581,2026-06-16 00:15:51.678088
209,motor,REP-0190,4.888888888888889,2026-06-16 00:15:51.678088
210,motor,REP-0191,4.0,2026-06-16 00:15:51.678088
211,motor,REP-0192,4.833333333333333,2026-06-16 00:15:51.678088
212,motor,REP-0193,4.5,2026-06-16 00:15:51.678088
213,motor,REP-0194,4.75,2026-06-16 00:15:51.678088
214,motor,REP-0195,4.8,2026-06-16 00:15:51.678088
215,motor,REP-0196,4.190476190476191,2026-06-16 00:15:51.678088
216,motor,REP-0197,5.0,2026-06-16 00:15:51.678088
217,motor,REP-0198,4.64,2026-06-16 00:15:51.678088
218,motor,REP-0199,4.0,2026-06-16 00:15:51.678088
219,motor,REP-0205,10.518518518518519,2026-06-16 00:15:51.678088
220,motor,REP-0206,9.714285714285714,2026-06-16 00:15:51.678088
221,motor,REP-0207,12.0,2026-06-16 00:15:51.678088
222,motor,REP-0208,9.393939393939394,2026-06-16 00:15:51.678088
223,motor,REP-0209,9.68421052631579,2026-06-16 00:15:51.678088
224,motor,REP-0210,10.32258064516129,2026-06-16 00:15:51.678088
225,motor,REP-0217,4.571428571428571,2026-06-16 00:15:51.678088
226,motor,REP-0218,5.6,2026-06-16 00:15:51.678088
227,motor,REP-0219,4.6,2026-06-16 00:15:51.678088
228,motor,REP-0220,4.0,2026-06-16 00:15:51.678088
229,motor,REP-0222,4.0,2026-06-16 00:15:51.678088
230,motor,REP-0231,4.285714285714286,2026-06-16 00:15:51.678088
231,motor,REP-0233,5.090909090909091,2026-06-16 00:15:51.678088
232,motor,REP-0234,5.0,2026-06-16 00:15:51.678088
233,motor,REP-0236,5.0,2026-06-16 00:15:51.678088
234,motor,REP-0237,4.461538461538462,2026-06-16 00:15:51.678088
235,motor,REP-0238,4.0,2026-06-16 00:15:51.678088
236,motor,REP-0239,4.75,2026-06-16 00:15:51.678088
237,motor,REP-0240,5.090909090909091,2026-06-16 00:15:51.678088
238,motor,REP-0241,5.0,2026-06-16 00:15:51.678088
239,motor,REP-0242,4.421052631578948,2026-06-16 00:15:51.678088
240,motor,REP-0243,5.333333333333333,2026-06-16 00:15:51.678088
241,motor,REP-0244,4.0,2026-06-16 00:15:51.678088
242,motor,REP-0245,4.4,2026-06-16 00:15:51.678088
243,motor,REP-0246,4.0,2026-06-16 00:15:51.678088
244,motor,REP-0247,4.0,2026-06-16 00:15:51.678088
245,motor,REP-0248,4.666666666666667,2026-06-16 00:15:51.678088
246,motor,REP-0290,4.0,2026-06-16 00:15:51.678088
247,motor,REP-0291,12.0,2026-06-16 00:15:51.678088
248,motor,REP-0293,8.0,2026-06-16 00:15:51.678088
249,motor,REP-0294,6.0,2026-06-16 00:15:51.678088
250,motor,REP-0296,8.0,2026-06-16 00:15:51.678088
251,motor,REP-0623,8.0,2026-06-16 00:15:51.678088
252,motor,REP-0625,6.666666666666667,2026-06-16 00:15:51.678088
253,motor,REP-0628,4.0,2026-06-16 00:15:51.678088
254,motor,REP-0647,8.444444444444445,2026-06-16 00:15:51.678088
255,motor,REP-0649,8.8,2026-06-16 00:15:51.678088
256,motor,REP-0650,8.0,2026-06-16 00:15:51.678088
257,motor,REP-0652,9.0,2026-06-16 00:15:51.678088
258,motor,REP-0723,8.0,2026-06-16 00:15:51.678088
259,motor,REP-0724,4.0,2026-06-16 00:15:51.678088
260,motor,REP-0725,16.0,2026-06-16 00:15:51.678088
261,motor,REP-0726,8.0,2026-06-16 00:15:51.678088
262,motor,REP-0727,16.0,2026-06-16 00:15:51.678088
263,motor,REP-0728,13.6,2026-06-16 00:15:51.678088
264,motor,REP-0730,4.0,2026-06-16 00:15:51.678088
265,motor,REP-0735,4.0,2026-06-16 00:15:51.678088
266,motor,REP-0736,4.0,2026-06-16 00:15:51.678088
267,motor,REP-0741,4.0,2026-06-16 00:15:51.678088
268,motor,REP-0822,4.0,2026-06-16 00:15:51.678088
269,motor,REP-0859,12.0,2026-06-16 00:15:51.678088
270,motor,REP-0861,9.333333333333334,2026-06-16 00:15:51.678088
271,motor,REP-0862,8.0,2026-06-16 00:15:51.678088
272,motor,REP-0864,13.333333333333334,2026-06-16 00:15:51.678088
273,motor,REP-0915,6.4,2026-06-16 00:15:51.678088
274,motor,REP-0916,16.0,2026-06-16 00:15:51.678088
275,motor,REP-0917,8.0,2026-06-16 00:15:51.678088
276,motor,REP-0918,10.0,2026-06-16 00:15:51.678088
277,motor,REP-0920,7.0,2026-06-16 00:15:51.678088
278,sistema de combustible,REP-0018,8.5,2026-06-16 00:15:51.678088
279,sistema de combustible,REP-0058,4.0,2026-06-16 00:15:51.678088
280,sistema de combustible,REP-0080,4.8,2026-06-16 00:15:51.678088
281,sistema de combustible,REP-0098,10.666666666666666,2026-06-16 00:15:51.678088
282,sistema de combustible,REP-0099,8.0,2026-06-16 00:15:51.678088
283,sistema de combustible,REP-0101,4.923076923076923,2026-06-16 00:15:51.678088
284,sistema de combustible,REP-0102,6.0,2026-06-16 00:15:51.678088
285,sistema de combustible,REP-0103,4.0,2026-06-16 00:15:51.678088
286,sistema de combustible,REP-0208,4.0,2026-06-16 00:15:51.678088
287,sistema de combustible,REP-0210,4.0,2026-06-16 00:15:51.678088
288,sistema de combustible,REP-0291,8.0,2026-06-16 00:15:51.678088
289,sistema de combustible,REP-0613,8.0,2026-06-16 00:15:51.678088
290,sistema de combustible,REP-0614,5.333333333333333,2026-06-16 00:15:51.678088
291,sistema de combustible,REP-0617,4.0,2026-06-16 00:15:51.678088
292,sistema de combustible,REP-0618,4.0,2026-06-16 00:15:51.678088
293,sistema de combustible,REP-0619,5.0,2026-06-16 00:15:51.678088
294,sistema de combustible,REP-0620,4.0,2026-06-16 00:15:51.678088
295,sistema de combustible,REP-0621,4.0,2026-06-16 00:15:51.678088
296,sistema de combustible,REP-0622,4.5,2026-06-16 00:15:51.678088
297,sistema de combustible,REP-0623,8.4,2026-06-16 00:15:51.678088
298,sistema de combustible,REP-0624,9.142857142857142,2026-06-16 00:15:51.678088
299,sistema de combustible,REP-0625,11.304347826086957,2026-06-16 00:15:51.678088
300,sistema de combustible,REP-0626,8.941176470588236,2026-06-16 00:15:51.678088
301,sistema de combustible,REP-0627,8.4,2026-06-16 00:15:51.678088
302,sistema de combustible,REP-0628,10.181818181818182,2026-06-16 00:15:51.678088
303,sistema de combustible,REP-0629,11.272727272727273,2026-06-16 00:15:51.678088
304,sistema de combustible,REP-0630,7.666666666666667,2026-06-16 00:15:51.678088
305,sistema de combustible,REP-0631,10.222222222222221,2026-06-16 00:15:51.678088
306,sistema de combustible,REP-0632,10.666666666666666,2026-06-16 00:15:51.678088
307,sistema de combustible,REP-0633,8.444444444444445,2026-06-16 00:15:51.678088
308,sistema de combustible,REP-0634,13.6,2026-06-16 00:15:51.678088
309,sistema de combustible,REP-0635,4.769230769230769,2026-06-16 00:15:51.678088
310,sistema de combustible,REP-0636,4.4,2026-06-16 00:15:51.678088
311,sistema de combustible,REP-0637,4.631578947368421,2026-06-16 00:15:51.678088
312,sistema de combustible,REP-0638,4.9411764705882355,2026-06-16 00:15:51.678088
313,sistema de combustible,REP-0639,5.0,2026-06-16 00:15:51.678088
314,sistema de combustible,REP-0640,4.8,2026-06-16 00:15:51.678088
315,sistema de combustible,REP-0641,4.0,2026-06-16 00:15:51.678088
316,sistema de combustible,REP-0642,4.0,2026-06-16 00:15:51.678088
317,sistema de combustible,REP-0643,4.0,2026-06-16 00:15:51.678088
318,sistema de combustible,REP-0644,4.0,2026-06-16 00:15:51.678088
319,sistema de combustible,REP-0646,5.333333333333333,2026-06-16 00:15:51.678088
320,sistema de combustible,REP-0647,9.142857142857142,2026-06-16 00:15:51.678088
321,sistema de combustible,REP-0648,10.0,2026-06-16 00:15:51.678088
322,sistema de combustible,REP-0649,10.5,2026-06-16 00:15:51.678088
323,sistema de combustible,REP-0650,10.461538461538462,2026-06-16 00:15:51.678088
324,sistema de combustible,REP-0651,7.714285714285714,2026-06-16 00:15:51.678088
325,sistema de combustible,REP-0652,8.869565217391305,2026-06-16 00:15:51.678088
326,sistema de combustible,REP-0653,4.32,2026-06-16 00:15:51.678088
327,sistema de combustible,REP-0654,5.0,2026-06-16 00:15:51.678088
328,sistema de combustible,REP-0655,4.6,2026-06-16 00:15:51.678088
329,sistema de combustible,REP-0656,4.285714285714286,2026-06-16 00:15:51.678088
330,sistema de combustible,REP-0657,4.666666666666667,2026-06-16 00:15:51.678088
331,sistema de combustible,REP-0658,4.444444444444445,2026-06-16 00:15:51.678088
332,sistema de combustible,REP-0665,5.0,2026-06-16 00:15:51.678088
333,sistema de combustible,REP-0666,4.0,2026-06-16 00:15:51.678088
334,sistema de combustible,REP-0667,4.857142857142857,2026-06-16 00:15:51.678088
335,sistema de combustible,REP-0668,4.7272727272727275,2026-06-16 00:15:51.678088
336,sistema de combustible,REP-0669,4.0,2026-06-16 00:15:51.678088
337,sistema de combustible,REP-0670,4.3076923076923075,2026-06-16 00:15:51.678088
338,sistema de combustible,REP-0723,4.0,2026-06-16 00:15:51.678088
339,sistema de combustible,REP-0724,16.0,2026-06-16 00:15:51.678088
340,sistema de combustible,REP-0725,6.666666666666667,2026-06-16 00:15:51.678088
341,sistema de combustible,REP-0726,4.0,2026-06-16 00:15:51.678088
342,sistema de combustible,REP-0728,20.0,2026-06-16 00:15:51.678088
343,sistema de combustible,REP-0730,4.0,2026-06-16 00:15:51.678088
344,sistema de combustible,REP-0732,4.0,2026-06-16 00:15:51.678088
345,sistema de combustible,REP-0736,4.0,2026-06-16 00:15:51.678088
346,sistema de combustible,REP-0738,4.0,2026-06-16 00:15:51.678088
347,sistema de combustible,REP-0822,4.0,2026-06-16 00:15:51.678088
348,sistema de combustible,REP-0915,8.0,2026-06-16 00:15:51.678088
349,sistema de combustible,REP-0920,4.0,2026-06-16 00:15:51.678088
350,sistema de enfriamiento,JUNTA-RADIADOR,4.0,2026-06-16 00:15:51.678088
351,sistema de enfriamiento,RADIADOR-AGUA,2.0,2026-06-16 00:15:51.678088
352,sistema de enfriamiento,REFRIGERANTE,10.0,2026-06-16 00:15:51.678088
353,sistema de enfriamiento,REP-0016,6.0,2026-06-16 00:15:51.678088
354,sistema de enfriamiento,REP-0036,4.0,2026-06-16 00:15:51.678088
355,sistema de enfriamiento,REP-0056,5.043478260869565,2026-06-16 00:15:51.678088
356,sistema de enfriamiento,REP-0098,4.0,2026-06-16 00:15:51.678088
357,sistema de enfriamiento,REP-0100,4.8,2026-06-16 00:15:51.678088
358,sistema de enfriamiento,REP-0102,4.0,2026-06-16 00:15:51.678088
359,sistema de enfriamiento,REP-0103,12.0,2026-06-16 00:15:51.678088
360,sistema de enfriamiento,REP-0110,4.0,2026-06-16 00:15:51.678088
361,sistema de enfriamiento,REP-0119,4.0,2026-06-16 00:15:51.678088
362,sistema de enfriamiento,REP-0205,4.0,2026-06-16 00:15:51.678088
363,sistema de enfriamiento,REP-0207,4.0,2026-06-16 00:15:51.678088
364,sistema de enfriamiento,REP-0210,14.0,2026-06-16 00:15:51.678088
365,sistema de enfriamiento,REP-0255,12.666666666666666,2026-06-16 00:15:51.678088
366,sistema de enfriamiento,REP-0257,14.666666666666666,2026-06-16 00:15:51.678088
367,sistema de enfriamiento,REP-0258,13.333333333333334,2026-06-16 00:15:51.678088
368,sistema de enfriamiento,REP-0260,14.0,2026-06-16 00:15:51.678088
369,sistema de enfriamiento,REP-0261,5.230769230769231,2026-06-16 00:15:51.678088
370,sistema de enfriamiento,REP-0262,4.666666666666667,2026-06-16 00:15:51.678088
371,sistema de enfriamiento,REP-0263,4.695652173913044,2026-06-16 00:15:51.678088
372,sistema de enfriamiento,REP-0264,4.75,2026-06-16 00:15:51.678088
373,sistema de enfriamiento,REP-0265,4.0,2026-06-16 00:15:51.678088
374,sistema de enfriamiento,REP-0266,4.8,2026-06-16 00:15:51.678088
375,sistema de enfriamiento,REP-0267,4.2727272727272725,2026-06-16 00:15:51.678088
376,sistema de enfriamiento,REP-0268,4.8,2026-06-16 00:15:51.678088
377,sistema de enfriamiento,REP-0269,4.3428571428571425,2026-06-16 00:15:51.678088
378,sistema de enfriamiento,REP-0270,4.827586206896552,2026-06-16 00:15:51.678088
379,sistema de enfriamiento,REP-0271,5.333333333333333,2026-06-16 00:15:51.678088
380,sistema de enfriamiento,REP-0272,4.526315789473684,2026-06-16 00:15:51.678088
381,sistema de enfriamiento,REP-0273,4.516129032258064,2026-06-16 00:15:51.678088
382,sistema de enfriamiento,REP-0274,4.8,2026-06-16 00:15:51.678088
383,sistema de enfriamiento,REP-0275,4.512820512820513,2026-06-16 00:15:51.678088
384,sistema de enfriamiento,REP-0276,4.444444444444445,2026-06-16 00:15:51.678088
385,sistema de enfriamiento,REP-0277,4.0,2026-06-16 00:15:51.678088
386,sistema de enfriamiento,REP-0278,4.875,2026-06-16 00:15:51.678088
387,sistema de enfriamiento,REP-0279,4.0,2026-06-16 00:15:51.678088
388,sistema de enfriamiento,REP-0280,4.0,2026-06-16 00:15:51.678088
389,sistema de enfriamiento,REP-0281,4.0,2026-06-16 00:15:51.678088
390,sistema de enfriamiento,REP-0285,12.222222222222221,2026-06-16 00:15:51.678088
391,sistema de enfriamiento,REP-0286,10.0,2026-06-16 00:15:51.678088
392,sistema de enfriamiento,REP-0287,11.384615384615385,2026-06-16 00:15:51.678088
393,sistema de enfriamiento,REP-0288,10.333333333333334,2026-06-16 00:15:51.678088
394,sistema de enfriamiento,REP-0289,20.0,2026-06-16 00:15:51.678088
395,sistema de enfriamiento,REP-0290,14.461538461538462,2026-06-16 00:15:51.678088
396,sistema de enfriamiento,REP-0291,14.095238095238095,2026-06-16 00:15:51.678088
397,sistema de enfriamiento,REP-0292,14.133333333333333,2026-06-16 00:15:51.678088
398,sistema de enfriamiento,REP-0293,12.842105263157896,2026-06-16 00:15:51.678088
399,sistema de enfriamiento,REP-0294,16.5,2026-06-16 00:15:51.678088
400,sistema de enfriamiento,REP-0295,8.0,2026-06-16 00:15:51.678088
401,sistema de enfriamiento,REP-0296,10.222222222222221,2026-06-16 00:15:51.678088
402,sistema de enfriamiento,REP-0297,13.647058823529411,2026-06-16 00:15:51.678088
403,sistema de enfriamiento,REP-0298,6.666666666666667,2026-06-16 00:15:51.678088
404,sistema de enfriamiento,REP-0299,15.384615384615385,2026-06-16 00:15:51.678088
405,sistema de enfriamiento,REP-0300,12.727272727272727,2026-06-16 00:15:51.678088
406,sistema de enfriamiento,REP-0301,11.666666666666666,2026-06-16 00:15:51.678088
407,sistema de enfriamiento,REP-0302,4.4,2026-06-16 00:15:51.678088
408,sistema de enfriamiento,REP-0303,5.333333333333333,2026-06-16 00:15:51.678088
409,sistema de enfriamiento,REP-0304,6.0,2026-06-16 00:15:51.678088
410,sistema de enfriamiento,REP-0305,4.666666666666667,2026-06-16 00:15:51.678088
411,sistema de enfriamiento,REP-0306,4.0,2026-06-16 00:15:51.678088
412,sistema de enfriamiento,REP-0307,4.5,2026-06-16 00:15:51.678088
413,sistema de enfriamiento,REP-0308,4.8,2026-06-16 00:15:51.678088
414,sistema de enfriamiento,REP-0309,4.857142857142857,2026-06-16 00:15:51.678088
415,sistema de enfriamiento,REP-0310,5.714285714285714,2026-06-16 00:15:51.678088
416,sistema de enfriamiento,REP-0311,5.333333333333333,2026-06-16 00:15:51.678088
417,sistema de enfriamiento,REP-0312,6.0,2026-06-16 00:15:51.678088
418,sistema de enfriamiento,REP-0313,5.142857142857143,2026-06-16 00:15:51.678088
419,sistema de enfriamiento,REP-0623,4.0,2026-06-16 00:15:51.678088
420,sistema de enfriamiento,REP-0647,4.0,2026-06-16 00:15:51.678088
421,sistema de enfriamiento,REP-0648,12.0,2026-06-16 00:15:51.678088
422,sistema de enfriamiento,REP-0723,4.0,2026-06-16 00:15:51.678088
423,sistema de enfriamiento,REP-0725,4.0,2026-06-16 00:15:51.678088
424,sistema de enfriamiento,REP-0728,4.0,2026-06-16 00:15:51.678088
425,sistema de enfriamiento,REP-0861,4.0,2026-06-16 00:15:51.678088
426,sistema de enfriamiento,REP-0915,8.0,2026-06-16 00:15:51.678088
427,sistema de enfriamiento,REP-0917,4.0,2026-06-16 00:15:51.678088
428,sistema de enfriamiento,REP-0920,4.0,2026-06-16 00:15:51.678088
429,sistema de enfriamiento,TERMOSTATO,2.0,2026-06-16 00:15:51.678088
430,sistema de escape,REP-0098,4.0,2026-06-16 00:15:51.678088
431,sistema de escape,REP-0102,20.0,2026-06-16 00:15:51.678088
432,sistema de escape,REP-0110,12.0,2026-06-16 00:15:51.678088
433,sistema de escape,REP-0111,4.0,2026-06-16 00:15:51.678088
434,sistema de escape,REP-0113,4.0,2026-06-16 00:15:51.678088
435,sistema de escape,REP-0120,4.0,2026-06-16 00:15:51.678088
436,sistema de escape,REP-0122,4.0,2026-06-16 00:15:51.678088
437,sistema de escape,REP-0205,8.0,2026-06-16 00:15:51.678088
438,sistema de escape,REP-0291,12.0,2026-06-16 00:15:51.678088
439,sistema de escape,REP-0293,12.0,2026-06-16 00:15:51.678088
440,sistema de escape,REP-0623,4.0,2026-06-16 00:15:51.678088
441,sistema de escape,REP-0628,4.0,2026-06-16 00:15:51.678088
442,sistema de escape,REP-0649,4.0,2026-06-16 00:15:51.678088
443,sistema de escape,REP-0650,4.0,2026-06-16 00:15:51.678088
444,sistema de escape,REP-0652,12.0,2026-06-16 00:15:51.678088
445,sistema de escape,REP-0671,4.0,2026-06-16 00:15:51.678088
446,sistema de escape,REP-0672,4.0,2026-06-16 00:15:51.678088
447,sistema de escape,REP-0673,4.0,2026-06-16 00:15:51.678088
448,sistema de escape,REP-0676,4.0,2026-06-16 00:15:51.678088
449,sistema de escape,REP-0677,4.666666666666667,2026-06-16 00:15:51.678088
450,sistema de escape,REP-0678,5.0,2026-06-16 00:15:51.678088
451,sistema de escape,REP-0679,4.0,2026-06-16 00:15:51.678088
452,sistema de escape,REP-0680,6.0,2026-06-16 00:15:51.678088
453,sistema de escape,REP-0681,4.0,2026-06-16 00:15:51.678088
454,sistema de escape,REP-0682,4.0,2026-06-16 00:15:51.678088
455,sistema de escape,REP-0683,4.0,2026-06-16 00:15:51.678088
456,sistema de escape,REP-0684,4.0,2026-06-16 00:15:51.678088
457,sistema de escape,REP-0685,4.0,2026-06-16 00:15:51.678088
458,sistema de escape,REP-0686,6.0,2026-06-16 00:15:51.678088
459,sistema de escape,REP-0688,4.0,2026-06-16 00:15:51.678088
460,sistema de escape,REP-0689,4.0,2026-06-16 00:15:51.678088
461,sistema de escape,REP-0690,4.8,2026-06-16 00:15:51.678088
462,sistema de escape,REP-0691,4.0,2026-06-16 00:15:51.678088
463,sistema de escape,REP-0692,4.0,2026-06-16 00:15:51.678088
464,sistema de escape,REP-0693,4.0,2026-06-16 00:15:51.678088
465,sistema de escape,REP-0694,4.666666666666667,2026-06-16 00:15:51.678088
466,sistema de escape,REP-0695,5.0,2026-06-16 00:15:51.678088
467,sistema de escape,REP-0696,4.0,2026-06-16 00:15:51.678088
468,sistema de escape,REP-0697,4.0,2026-06-16 00:15:51.678088
469,sistema de escape,REP-0698,4.0,2026-06-16 00:15:51.678088
470,sistema de escape,REP-0700,4.0,2026-06-16 00:15:51.678088
471,sistema de escape,REP-0701,6.666666666666667,2026-06-16 00:15:51.678088
472,sistema de escape,REP-0702,4.0,2026-06-16 00:15:51.678088
473,sistema de escape,REP-0703,4.0,2026-06-16 00:15:51.678088
474,sistema de escape,REP-0704,4.0,2026-06-16 00:15:51.678088
475,sistema de escape,REP-0706,6.666666666666667,2026-06-16 00:15:51.678088
476,sistema de escape,REP-0707,4.0,2026-06-16 00:15:51.678088
477,sistema de escape,REP-0709,5.333333333333333,2026-06-16 00:15:51.678088
478,sistema de escape,REP-0710,4.0,2026-06-16 00:15:51.678088
479,sistema de escape,REP-0723,4.0,2026-06-16 00:15:51.678088
480,sistema de escape,REP-0726,8.0,2026-06-16 00:15:51.678088
481,sistema de escape,REP-0728,8.0,2026-06-16 00:15:51.678088
482,sistema de escape,REP-0730,4.0,2026-06-16 00:15:51.678088
483,sistema de escape,REP-0732,4.0,2026-06-16 00:15:51.678088
484,sistema de escape,REP-0920,12.0,2026-06-16 00:15:51.678088
485,sistema de frenos,CILINDRO-RUEDA,4.0,2026-06-16 00:15:51.678088
486,sistema de frenos,FRENO-LIQUIDO,4.0,2026-06-16 00:15:51.678088
487,sistema de frenos,FRENO-PASTILLA-001,8.0,2026-06-16 00:15:51.678088
488,sistema de frenos,FRENO-PASTILLA-SPRAY,2.0,2026-06-16 00:15:51.678088
489,sistema de frenos,REP-0001,5.0,2026-06-16 00:15:51.678088
490,sistema de frenos,REP-0003,4.25,2026-06-16 00:15:51.678088
491,sistema de frenos,REP-0004,8.0,2026-06-16 00:15:51.678088
492,sistema de frenos,REP-0005,5.076923076923077,2026-06-16 00:15:51.678088
493,sistema de frenos,REP-0006,10.333333333333334,2026-06-16 00:15:51.678088
494,sistema de frenos,REP-0007,4.761904761904762,2026-06-16 00:15:51.678088
495,sistema de frenos,REP-0010,4.0,2026-06-16 00:15:51.678088
496,sistema de frenos,REP-0012,4.5,2026-06-16 00:15:51.678088
497,sistema de frenos,REP-0066,8.0,2026-06-16 00:15:51.678088
498,sistema de frenos,REP-0068,8.0,2026-06-16 00:15:51.678088
499,sistema de frenos,REP-0073,7.448275862068965,2026-06-16 00:15:51.678088
500,sistema de frenos,REP-0075,9.0,2026-06-16 00:15:51.678088
501,sistema de frenos,REP-0077,9.565217391304348,2026-06-16 00:15:51.678088
502,sistema de frenos,REP-0079,9.666666666666666,2026-06-16 00:15:51.678088
503,sistema de frenos,REP-0082,12.0,2026-06-16 00:15:51.678088
504,sistema de frenos,REP-0084,9.5,2026-06-16 00:15:51.678088
505,sistema de frenos,REP-0085,8.864864864864865,2026-06-16 00:15:51.678088
506,sistema de frenos,REP-0087,5.714285714285714,2026-06-16 00:15:51.678088
507,sistema de frenos,REP-0089,8.181818181818182,2026-06-16 00:15:51.678088
508,sistema de frenos,REP-0091,8.421052631578947,2026-06-16 00:15:51.678088
509,sistema de frenos,REP-0093,10.4,2026-06-16 00:15:51.678088
510,sistema de frenos,REP-0096,8.545454545454545,2026-06-16 00:15:51.678088
511,sistema de frenos,REP-0098,10.526315789473685,2026-06-16 00:15:51.678088
512,sistema de frenos,REP-0099,10.666666666666666,2026-06-16 00:15:51.678088
513,sistema de frenos,REP-0102,12.307692307692308,2026-06-16 00:15:51.678088
514,sistema de frenos,REP-0103,13.2,2026-06-16 00:15:51.678088
515,sistema de frenos,REP-0106,13.23076923076923,2026-06-16 00:15:51.678088
516,sistema de frenos,REP-0107,12.4,2026-06-16 00:15:51.678088
517,sistema de frenos,REP-0108,14.0,2026-06-16 00:15:51.678088
518,sistema de frenos,REP-0109,14.5,2026-06-16 00:15:51.678088
519,sistema de frenos,REP-0110,12.0,2026-06-16 00:15:51.678088
520,sistema de frenos,REP-0111,12.333333333333334,2026-06-16 00:15:51.678088
521,sistema de frenos,REP-0112,12.0,2026-06-16 00:15:51.678088
522,sistema de frenos,REP-0113,10.666666666666666,2026-06-16 00:15:51.678088
523,sistema de frenos,REP-0114,4.923076923076923,2026-06-16 00:15:51.678088
524,sistema de frenos,REP-0115,4.5,2026-06-16 00:15:51.678088
525,sistema de frenos,REP-0116,5.090909090909091,2026-06-16 00:15:51.678088
526,sistema de frenos,REP-0117,4.333333333333333,2026-06-16 00:15:51.678088
527,sistema de frenos,REP-0118,4.0,2026-06-16 00:15:51.678088
528,sistema de frenos,REP-0119,4.4,2026-06-16 00:15:51.678088
529,sistema de frenos,REP-0120,5.0,2026-06-16 00:15:51.678088
530,sistema de frenos,REP-0121,4.0,2026-06-16 00:15:51.678088
531,sistema de frenos,REP-0122,4.0,2026-06-16 00:15:51.678088
532,sistema de frenos,REP-0123,4.0,2026-06-16 00:15:51.678088
533,sistema de frenos,REP-0124,4.8,2026-06-16 00:15:51.678088
534,sistema de frenos,REP-0125,4.888888888888889,2026-06-16 00:15:51.678088
535,sistema de frenos,REP-0126,8.5,2026-06-16 00:15:51.678088
536,sistema de frenos,REP-0127,8.285714285714286,2026-06-16 00:15:51.678088
537,sistema de frenos,REP-0128,10.833333333333334,2026-06-16 00:15:51.678088
538,sistema de frenos,REP-0129,8.0,2026-06-16 00:15:51.678088
539,sistema de frenos,REP-0130,11.0,2026-06-16 00:15:51.678088
540,sistema de frenos,REP-0131,8.631578947368421,2026-06-16 00:15:51.678088
541,sistema de frenos,REP-0132,9.793103448275863,2026-06-16 00:15:51.678088
542,sistema de frenos,REP-0133,10.222222222222221,2026-06-16 00:15:51.678088
543,sistema de frenos,REP-0134,9.272727272727273,2026-06-16 00:15:51.678088
544,sistema de frenos,REP-0135,9.5,2026-06-16 00:15:51.678088
545,sistema de frenos,REP-0136,6.666666666666667,2026-06-16 00:15:51.678088
546,sistema de frenos,REP-0137,8.16,2026-06-16 00:15:51.678088
547,sistema de frenos,REP-0138,4.571428571428571,2026-06-16 00:15:51.678088
548,sistema de frenos,REP-0139,6.666666666666667,2026-06-16 00:15:51.678088
549,sistema de frenos,REP-0140,4.0,2026-06-16 00:15:51.678088
550,sistema de frenos,REP-0141,6.0,2026-06-16 00:15:51.678088
551,sistema de frenos,REP-0143,4.923076923076923,2026-06-16 00:15:51.678088
552,sistema de frenos,REP-0144,4.173913043478261,2026-06-16 00:15:51.678088
553,sistema de frenos,REP-0145,9.014084507042254,2026-06-16 00:15:51.678088
554,sistema de frenos,REP-0146,9.032258064516128,2026-06-16 00:15:51.678088
555,sistema de frenos,REP-0147,9.107692307692307,2026-06-16 00:15:51.678088
556,sistema de frenos,REP-0148,9.543859649122806,2026-06-16 00:15:51.678088
557,sistema de frenos,REP-0149,10.307692307692308,2026-06-16 00:15:51.678088
558,sistema de frenos,REP-0150,9.666666666666666,2026-06-16 00:15:51.678088
559,sistema de frenos,REP-0157,6.0,2026-06-16 00:15:51.678088
560,sistema de frenos,REP-0163,4.0,2026-06-16 00:15:51.678088
561,sistema de frenos,REP-0165,4.0,2026-06-16 00:15:51.678088
562,sistema de frenos,REP-0166,4.0,2026-06-16 00:15:51.678088
563,sistema de frenos,REP-0168,4.0,2026-06-16 00:15:51.678088
564,sistema de frenos,REP-0205,4.0,2026-06-16 00:15:51.678088
565,sistema de frenos,REP-0291,8.0,2026-06-16 00:15:51.678088
566,sistema de frenos,REP-0296,8.0,2026-06-16 00:15:51.678088
567,sistema de frenos,REP-0623,12.0,2026-06-16 00:15:51.678088
568,sistema de frenos,REP-0625,4.0,2026-06-16 00:15:51.678088
569,sistema de frenos,REP-0647,4.0,2026-06-16 00:15:51.678088
570,sistema de frenos,REP-0723,5.818181818181818,2026-06-16 00:15:51.678088
571,sistema de frenos,REP-0725,5.0,2026-06-16 00:15:51.678088
572,sistema de frenos,REP-0726,6.0,2026-06-16 00:15:51.678088
573,sistema de frenos,REP-0728,4.0,2026-06-16 00:15:51.678088
574,sistema de frenos,REP-0730,4.0,2026-06-16 00:15:51.678088
575,sistema de frenos,REP-0735,4.0,2026-06-16 00:15:51.678088
576,sistema de frenos,REP-0736,4.0,2026-06-16 00:15:51.678088
577,sistema de frenos,REP-0822,4.0,2026-06-16 00:15:51.678088
578,sistema de frenos,REP-0859,4.0,2026-06-16 00:15:51.678088
579,sistema de frenos,REP-0915,4.0,2026-06-16 00:15:51.678088
580,sistema de frenos,REP-0917,4.0,2026-06-16 00:15:51.678088
581,sistema de frenos,REP-0920,4.0,2026-06-16 00:15:51.678088
582,sistema el鈭毬ヽtrico,REP-0009,4.0,2026-06-16 00:15:51.678088
583,sistema el鈭毬ヽtrico,REP-0071,5.333333333333333,2026-06-16 00:15:51.678088
584,sistema el鈭毬ヽtrico,REP-0102,4.0,2026-06-16 00:15:51.678088
585,sistema el鈭毬ヽtrico,REP-0107,8.0,2026-06-16 00:15:51.678088
586,sistema el鈭毬ヽtrico,REP-0205,4.0,2026-06-16 00:15:51.678088
587,sistema el鈭毬ヽtrico,REP-0207,8.0,2026-06-16 00:15:51.678088
588,sistema el鈭毬ヽtrico,REP-0296,4.0,2026-06-16 00:15:51.678088
589,sistema el鈭毬ヽtrico,REP-0379,4.571428571428571,2026-06-16 00:15:51.678088
590,sistema el鈭毬ヽtrico,REP-0380,4.0,2026-06-16 00:15:51.678088
591,sistema el鈭毬ヽtrico,REP-0381,4.7272727272727275,2026-06-16 00:15:51.678088
592,sistema el鈭毬ヽtrico,REP-0382,4.0,2026-06-16 00:15:51.678088
593,sistema el鈭毬ヽtrico,REP-0384,4.0,2026-06-16 00:15:51.678088
594,sistema el鈭毬ヽtrico,REP-0385,4.0,2026-06-16 00:15:51.678088
595,sistema el鈭毬ヽtrico,REP-0387,4.0,2026-06-16 00:15:51.678088
596,sistema el鈭毬ヽtrico,REP-0391,5.333333333333333,2026-06-16 00:15:51.678088
597,sistema el鈭毬ヽtrico,REP-0392,4.0,2026-06-16 00:15:51.678088
598,sistema el鈭毬ヽtrico,REP-0393,4.0,2026-06-16 00:15:51.678088
599,sistema el鈭毬ヽtrico,REP-0394,4.0,2026-06-16 00:15:51.678088
600,sistema el鈭毬ヽtrico,REP-0395,4.0,2026-06-16 00:15:51.678088
601,sistema el鈭毬ヽtrico,REP-0396,4.571428571428571,2026-06-16 00:15:51.678088
602,sistema el鈭毬ヽtrico,REP-0397,4.0,2026-06-16 00:15:51.678088
603,sistema el鈭毬ヽtrico,REP-0398,4.0,2026-06-16 00:15:51.678088
604,sistema el鈭毬ヽtrico,REP-0399,4.0,2026-06-16 00:15:51.678088
605,sistema el鈭毬ヽtrico,REP-0402,4.0,2026-06-16 00:15:51.678088
606,sistema el鈭毬ヽtrico,REP-0403,4.0,2026-06-16 00:15:51.678088
607,sistema el鈭毬ヽtrico,REP-0406,4.0,2026-06-16 00:15:51.678088
608,sistema el鈭毬ヽtrico,REP-0409,4.0,2026-06-16 00:15:51.678088
609,sistema el鈭毬ヽtrico,REP-0411,4.0,2026-06-16 00:15:51.678088
610,sistema el鈭毬ヽtrico,REP-0421,4.666666666666667,2026-06-16 00:15:51.678088
611,sistema el鈭毬ヽtrico,REP-0422,4.0,2026-06-16 00:15:51.678088
612,sistema el鈭毬ヽtrico,REP-0423,4.857142857142857,2026-06-16 00:15:51.678088
613,sistema el鈭毬ヽtrico,REP-0424,4.363636363636363,2026-06-16 00:15:51.678088
614,sistema el鈭毬ヽtrico,REP-0425,4.571428571428571,2026-06-16 00:15:51.678088
615,sistema el鈭毬ヽtrico,REP-0426,4.0,2026-06-16 00:15:51.678088
616,sistema el鈭毬ヽtrico,REP-0427,4.285714285714286,2026-06-16 00:15:51.678088
617,sistema el鈭毬ヽtrico,REP-0428,4.5,2026-06-16 00:15:51.678088
618,sistema el鈭毬ヽtrico,REP-0429,4.444444444444445,2026-06-16 00:15:51.678088
619,sistema el鈭毬ヽtrico,REP-0430,5.230769230769231,2026-06-16 00:15:51.678088
620,sistema el鈭毬ヽtrico,REP-0431,4.7272727272727275,2026-06-16 00:15:51.678088
621,sistema el鈭毬ヽtrico,REP-0432,5.0,2026-06-16 00:15:51.678088
622,sistema el鈭毬ヽtrico,REP-0433,4.571428571428571,2026-06-16 00:15:51.678088
623,sistema el鈭毬ヽtrico,REP-0434,4.25,2026-06-16 00:15:51.678088
624,sistema el鈭毬ヽtrico,REP-0435,4.461538461538462,2026-06-16 00:15:51.678088
625,sistema el鈭毬ヽtrico,REP-0436,4.0,2026-06-16 00:15:51.678088
626,sistema el鈭毬ヽtrico,REP-0437,4.0,2026-06-16 00:15:51.678088
627,sistema el鈭毬ヽtrico,REP-0438,5.043478260869565,2026-06-16 00:15:51.678088
628,sistema el鈭毬ヽtrico,REP-0445,4.296296296296297,2026-06-16 00:15:51.678088
629,sistema el鈭毬ヽtrico,REP-0446,5.0,2026-06-16 00:15:51.678088
630,sistema el鈭毬ヽtrico,REP-0447,4.888888888888889,2026-06-16 00:15:51.678088
631,sistema el鈭毬ヽtrico,REP-0448,5.176470588235294,2026-06-16 00:15:51.678088
632,sistema el鈭毬ヽtrico,REP-0449,4.571428571428571,2026-06-16 00:15:51.678088
633,sistema el鈭毬ヽtrico,REP-0450,5.4,2026-06-16 00:15:51.678088
634,sistema el鈭毬ヽtrico,REP-0457,6.666666666666667,2026-06-16 00:15:51.678088
635,sistema el鈭毬ヽtrico,REP-0723,4.0,2026-06-16 00:15:51.678088
636,sistema el鈭毬ヽtrico,REP-0725,4.0,2026-06-16 00:15:51.678088
637,sistema el鈭毬ヽtrico,REP-0727,4.0,2026-06-16 00:15:51.678088
638,sistema el鈭毬ヽtrico,REP-0730,4.0,2026-06-16 00:15:51.678088
639,sistema el鈭毬ヽtrico,REP-0736,4.0,2026-06-16 00:15:51.678088
640,sistema el鈭毬ヽtrico,REP-0786,4.0,2026-06-16 00:15:51.678088
641,sistema el鈭毬ヽtrico,REP-0787,5.6,2026-06-16 00:15:51.678088
642,sistema el鈭毬ヽtrico,REP-0788,4.0,2026-06-16 00:15:51.678088
643,sistema el鈭毬ヽtrico,REP-0789,5.6,2026-06-16 00:15:51.678088
644,sistema el鈭毬ヽtrico,REP-0791,4.8,2026-06-16 00:15:51.678088
645,sistema el鈭毬ヽtrico,REP-0792,4.0,2026-06-16 00:15:51.678088
646,sistema el鈭毬ヽtrico,REP-0794,6.666666666666667,2026-06-16 00:15:51.678088
647,sistema el鈭毬ヽtrico,REP-0797,4.0,2026-06-16 00:15:51.678088
648,sistema el鈭毬ヽtrico,REP-0798,4.0,2026-06-16 00:15:51.678088
649,sistema el鈭毬ヽtrico,REP-0799,4.0,2026-06-16 00:15:51.678088
650,sistema el鈭毬ヽtrico,REP-0800,4.0,2026-06-16 00:15:51.678088
651,sistema el鈭毬ヽtrico,REP-0804,4.666666666666667,2026-06-16 00:15:51.678088
652,sistema el鈭毬ヽtrico,REP-0806,6.0,2026-06-16 00:15:51.678088
653,sistema el鈭毬ヽtrico,REP-0807,4.0,2026-06-16 00:15:51.678088
654,sistema el鈭毬ヽtrico,REP-0809,4.0,2026-06-16 00:15:51.678088
655,sistema el鈭毬ヽtrico,REP-0816,4.0,2026-06-16 00:15:51.678088
656,sistema el鈭毬ヽtrico,REP-0817,4.0,2026-06-16 00:15:51.678088
657,sistema el鈭毬ヽtrico,REP-0818,4.888888888888889,2026-06-16 00:15:51.678088
658,sistema el鈭毬ヽtrico,REP-0819,5.0,2026-06-16 00:15:51.678088
659,sistema el鈭毬ヽtrico,REP-0820,4.0,2026-06-16 00:15:51.678088
660,sistema el鈭毬ヽtrico,REP-0821,4.0,2026-06-16 00:15:51.678088
661,sistema el鈭毬ヽtrico,REP-0822,5.6,2026-06-16 00:15:51.678088
662,sistema el鈭毬ヽtrico,REP-0823,4.0,2026-06-16 00:15:51.678088
663,sistema el鈭毬ヽtrico,REP-0824,6.666666666666667,2026-06-16 00:15:51.678088
664,sistema el鈭毬ヽtrico,REP-0825,5.333333333333333,2026-06-16 00:15:51.678088
665,sistema el鈭毬ヽtrico,REP-0826,4.8,2026-06-16 00:15:51.678088
666,sistema el鈭毬ヽtrico,REP-0827,4.571428571428571,2026-06-16 00:15:51.678088
667,sistema el鈭毬ヽtrico,REP-0859,12.0,2026-06-16 00:15:51.678088
668,sistema el鈭毬ヽtrico,REP-0861,12.0,2026-06-16 00:15:51.678088
669,sistema el鈭毬ヽtrico,REP-0862,10.0,2026-06-16 00:15:51.678088
670,sistema el鈭毬ヽtrico,REP-0864,8.0,2026-06-16 00:15:51.678088
671,sistema el鈭毬ヽtrico,REP-0865,8.0,2026-06-16 00:15:51.678088
672,sistema el鈭毬ヽtrico,REP-0915,12.0,2026-06-16 00:15:51.678088
673,sistema el鈭毬ヽtrico,REP-0918,4.0,2026-06-16 00:15:51.678088
674,sistema el鈭毬ヽtrico,REP-0945,5.0,2026-06-16 00:15:51.678088
675,sistema el鈭毬ヽtrico,REP-0946,5.0,2026-06-16 00:15:51.678088
676,sistema el鈭毬ヽtrico,REP-0947,4.0,2026-06-16 00:15:51.678088
677,sistema el鈭毬ヽtrico,REP-0948,5.0,2026-06-16 00:15:51.678088
678,sistema el鈭毬ヽtrico,REP-0949,4.0,2026-06-16 00:15:51.678088
679,sistema el鈭毬ヽtrico,REP-0950,4.0,2026-06-16 00:15:51.678088
680,sistema el鈭毬ヽtrico,REP-0951,4.5,2026-06-16 00:15:51.678088
681,sistema el鈭毬ヽtrico,REP-0952,4.0,2026-06-16 00:15:51.678088
682,sistema el鈭毬ヽtrico,REP-0954,4.571428571428571,2026-06-16 00:15:51.678088
683,sistema el鈭毬ヽtrico,REP-0955,5.333333333333333,2026-06-16 00:15:51.678088
684,sistema el鈭毬ヽtrico,REP-0957,4.0,2026-06-16 00:15:51.678088
685,sistema el鈭毬ヽtrico,REP-0958,4.0,2026-06-16 00:15:51.678088
686,sistema el鈭毬ヽtrico,REP-0960,5.333333333333333,2026-06-16 00:15:51.678088
687,sistema el鈭毬ヽtrico,REP-0963,4.0,2026-06-16 00:15:51.678088
688,sistema el鈭毬ヽtrico,REP-0964,5.142857142857143,2026-06-16 00:15:51.678088
689,sistema el鈭毬ヽtrico,REP-0965,4.0,2026-06-16 00:15:51.678088
690,sistema el鈭毬ヽtrico,REP-0966,4.0,2026-06-16 00:15:51.678088
691,sistema el鈭毬ヽtrico,REP-0967,4.0,2026-06-16 00:15:51.678088
692,sistema el鈭毬ヽtrico,REP-0969,4.0,2026-06-16 00:15:51.678088
693,sistema el鈭毬ヽtrico,REP-0970,4.666666666666667,2026-06-16 00:15:51.678088
694,sistema el鈭毬ヽtrico,REP-0971,4.0,2026-06-16 00:15:51.678088
695,sistema el鈭毬ヽtrico,REP-0972,4.0,2026-06-16 00:15:51.678088
696,sistema el鈭毬ヽtrico,REP-0973,4.0,2026-06-16 00:15:51.678088
697,sistema el鈭毬ヽtrico,REP-0976,4.0,2026-06-16 00:15:51.678088
698,sistema el鈭毬ヽtrico,REP-0977,4.0,2026-06-16 00:15:51.678088
699,sistema el鈭毬ヽtrico,REP-0978,4.0,2026-06-16 00:15:51.678088
700,sistema el鈭毬ヽtrico,REP-0979,5.6,2026-06-16 00:15:51.678088
701,sistema el鈭毬ヽtrico,REP-0980,4.0,2026-06-16 00:15:51.678088
702,sistema el鈭毬ヽtrico,REP-0981,5.333333333333333,2026-06-16 00:15:51.678088
703,sistema el鈭毬ヽtrico,REP-0982,6.666666666666667,2026-06-16 00:15:51.678088
704,sistema el鈭毬ヽtrico,REP-0983,5.333333333333333,2026-06-16 00:15:51.678088
705,sistema el鈭毬ヽtrico,REP-0984,15.2,2026-06-16 00:15:51.678088
706,sistema el鈭毬ヽtrico,REP-0985,12.0,2026-06-16 00:15:51.678088
707,sistema el鈭毬ヽtrico,REP-0987,19.0,2026-06-16 00:15:51.678088
708,sistema el鈭毬ヽtrico,REP-0988,4.0,2026-06-16 00:15:51.678088
709,sistema el鈭毬ヽtrico,REP-0990,4.0,2026-06-16 00:15:51.678088
710,sistema el鈭毬ヽtrico,REP-0991,8.0,2026-06-16 00:15:51.678088
711,sistema el鈭毬ヽtrico,REP-0993,4.0,2026-06-16 00:15:51.678088
712,sistema el鈭毬ヽtrico,REP-0994,11.384615384615385,2026-06-16 00:15:51.678088
713,sistema el鈭毬ヽtrico,REP-0995,15.2,2026-06-16 00:15:51.678088
714,sistema el鈭毬ヽtrico,REP-0996,9.714285714285714,2026-06-16 00:15:51.678088
715,sistema el鈭毬ヽtrico,REP-0997,11.333333333333334,2026-06-16 00:15:51.678088
716,sistema el鈭毬ヽtrico,REP-0998,8.0,2026-06-16 00:15:51.678088
717,sistema el鈭毬ヽtrico,REP-0999,9.333333333333334,2026-06-16 00:15:51.678088
718,sistema el鈭毬ヽtrico,REP-1000,4.363636363636363,2026-06-16 00:15:51.678088
719,sistema el鈭毬ヽtrico,REP-1001,4.0,2026-06-16 00:15:51.678088
720,sistema el鈭毬ヽtrico,REP-1002,4.0,2026-06-16 00:15:51.678088
721,sistema el鈭毬ヽtrico,REP-1003,4.0,2026-06-16 00:15:51.678088
722,sistema el鈭毬ヽtrico,REP-1004,4.0,2026-06-16 00:15:51.678088
723,sistema el鈭毬ヽtrico,REP-1005,5.333333333333333,2026-06-16 00:15:51.678088
724,sistema hidr鈭毬皍lico,REP-0020,5.509433962264151,2026-06-16 00:15:51.678088
725,sistema hidr鈭毬皍lico,REP-0039,4.285714285714286,2026-06-16 00:15:51.678088
726,sistema hidr鈭毬皍lico,REP-0060,8.148148148148149,2026-06-16 00:15:51.678088
727,sistema hidr鈭毬皍lico,REP-0081,4.4,2026-06-16 00:15:51.678088
728,sistema hidr鈭毬皍lico,REP-0098,8.0,2026-06-16 00:15:51.678088
729,sistema hidr鈭毬皍lico,REP-0099,4.0,2026-06-16 00:15:51.678088
730,sistema hidr鈭毬皍lico,REP-0104,9.442622950819672,2026-06-16 00:15:51.678088
731,sistema hidr鈭毬皍lico,REP-0107,4.0,2026-06-16 00:15:51.678088
732,sistema hidr鈭毬皍lico,REP-0108,8.0,2026-06-16 00:15:51.678088
733,sistema hidr鈭毬皍lico,REP-0111,4.0,2026-06-16 00:15:51.678088
734,sistema hidr鈭毬皍lico,REP-0113,4.0,2026-06-16 00:15:51.678088
735,sistema hidr鈭毬皍lico,REP-0114,4.0,2026-06-16 00:15:51.678088
736,sistema hidr鈭毬皍lico,REP-0116,4.0,2026-06-16 00:15:51.678088
737,sistema hidr鈭毬皍lico,REP-0120,8.0,2026-06-16 00:15:51.678088
738,sistema hidr鈭毬皍lico,REP-0205,11.0,2026-06-16 00:15:51.678088
739,sistema hidr鈭毬皍lico,REP-0206,8.0,2026-06-16 00:15:51.678088
740,sistema hidr鈭毬皍lico,REP-0207,12.0,2026-06-16 00:15:51.678088
741,sistema hidr鈭毬皍lico,REP-0210,4.0,2026-06-16 00:15:51.678088
742,sistema hidr鈭毬皍lico,REP-0285,8.0,2026-06-16 00:15:51.678088
743,sistema hidr鈭毬皍lico,REP-0291,14.0,2026-06-16 00:15:51.678088
744,sistema hidr鈭毬皍lico,REP-0603,4.0,2026-06-16 00:15:51.678088
745,sistema hidr鈭毬皍lico,REP-0605,8.666666666666666,2026-06-16 00:15:51.678088
746,sistema hidr鈭毬皍lico,REP-0606,10.705882352941176,2026-06-16 00:15:51.678088
747,sistema hidr鈭毬皍lico,REP-0607,8.923076923076923,2026-06-16 00:15:51.678088
748,sistema hidr鈭毬皍lico,REP-0608,4.625,2026-06-16 00:15:51.678088
749,sistema hidr鈭毬皍lico,REP-0609,4.705882352941177,2026-06-16 00:15:51.678088
750,sistema hidr鈭毬皍lico,REP-0610,4.521739130434782,2026-06-16 00:15:51.678088
751,sistema hidr鈭毬皍lico,REP-0623,8.0,2026-06-16 00:15:51.678088
752,sistema hidr鈭毬皍lico,REP-0625,8.0,2026-06-16 00:15:51.678088
753,sistema hidr鈭毬皍lico,REP-0628,16.0,2026-06-16 00:15:51.678088
754,sistema hidr鈭毬皍lico,REP-0649,4.0,2026-06-16 00:15:51.678088
755,sistema hidr鈭毬皍lico,REP-0650,4.0,2026-06-16 00:15:51.678088
756,sistema hidr鈭毬皍lico,REP-0652,5.333333333333333,2026-06-16 00:15:51.678088
757,sistema hidr鈭毬皍lico,REP-0723,7.428571428571429,2026-06-16 00:15:51.678088
758,sistema hidr鈭毬皍lico,REP-0724,12.0,2026-06-16 00:15:51.678088
759,sistema hidr鈭毬皍lico,REP-0726,4.0,2026-06-16 00:15:51.678088
760,sistema hidr鈭毬皍lico,REP-0728,8.0,2026-06-16 00:15:51.678088
761,sistema hidr鈭毬皍lico,REP-0730,4.0,2026-06-16 00:15:51.678088
762,sistema hidr鈭毬皍lico,REP-0736,4.0,2026-06-16 00:15:51.678088
763,sistema hidr鈭毬皍lico,REP-0824,4.0,2026-06-16 00:15:51.678088
764,sistema hidr鈭毬皍lico,REP-0859,8.0,2026-06-16 00:15:51.678088
765,sistema hidr鈭毬皍lico,REP-0861,8.0,2026-06-16 00:15:51.678088
766,sistema hidr鈭毬皍lico,REP-0862,4.0,2026-06-16 00:15:51.678088
767,sistema hidr鈭毬皍lico,REP-0864,8.0,2026-06-16 00:15:51.678088
768,sistema hidr鈭毬皍lico,REP-0915,4.0,2026-06-16 00:15:51.678088
769,sistema hidr鈭毬皍lico,REP-0918,4.0,2026-06-16 00:15:51.678088
770,sistema hidr鈭毬皍lico,REP-0920,6.0,2026-06-16 00:15:51.678088
771,suspensi鈭氣墺n,REP-0032,19.6,2026-06-16 00:15:51.678088
772,suspensi鈭氣墺n,REP-0102,10.666666666666666,2026-06-16 00:15:51.678088
773,suspensi鈭氣墺n,REP-0103,12.0,2026-06-16 00:15:51.678088
774,suspensi鈭氣墺n,REP-0107,4.0,2026-06-16 00:15:51.678088
775,suspensi鈭氣墺n,REP-0108,4.0,2026-06-16 00:15:51.678088
776,suspensi鈭氣墺n,REP-0122,4.0,2026-06-16 00:15:51.678088
777,suspensi鈭氣墺n,REP-0205,8.0,2026-06-16 00:15:51.678088
778,suspensi鈭氣墺n,REP-0207,8.0,2026-06-16 00:15:51.678088
779,suspensi鈭氣墺n,REP-0210,4.0,2026-06-16 00:15:51.678088
780,suspensi鈭氣墺n,REP-0285,12.0,2026-06-16 00:15:51.678088
781,suspensi鈭氣墺n,REP-0291,16.0,2026-06-16 00:15:51.678088
782,suspensi鈭氣墺n,REP-0293,16.0,2026-06-16 00:15:51.678088
783,suspensi鈭氣墺n,REP-0459,5.0,2026-06-16 00:15:51.678088
784,suspensi鈭氣墺n,REP-0460,4.0,2026-06-16 00:15:51.678088
785,suspensi鈭氣墺n,REP-0461,5.0,2026-06-16 00:15:51.678088
786,suspensi鈭氣墺n,REP-0462,4.0,2026-06-16 00:15:51.678088
787,suspensi鈭氣墺n,REP-0463,4.0,2026-06-16 00:15:51.678088
788,suspensi鈭氣墺n,REP-0464,4.666666666666667,2026-06-16 00:15:51.678088
789,suspensi鈭氣墺n,REP-0465,5.5,2026-06-16 00:15:51.678088
790,suspensi鈭氣墺n,REP-0466,5.333333333333333,2026-06-16 00:15:51.678088
791,suspensi鈭氣墺n,REP-0467,5.0,2026-06-16 00:15:51.678088
792,suspensi鈭氣墺n,REP-0468,4.571428571428571,2026-06-16 00:15:51.678088
793,suspensi鈭氣墺n,REP-0470,4.0,2026-06-16 00:15:51.678088
794,suspensi鈭氣墺n,REP-0471,4.363636363636363,2026-06-16 00:15:51.678088
795,suspensi鈭氣墺n,REP-0472,4.0,2026-06-16 00:15:51.678088
796,suspensi鈭氣墺n,REP-0473,4.666666666666667,2026-06-16 00:15:51.678088
797,suspensi鈭氣墺n,REP-0474,4.0,2026-06-16 00:15:51.678088
798,suspensi鈭氣墺n,REP-0475,6.0,2026-06-16 00:15:51.678088
799,suspensi鈭氣墺n,REP-0476,4.5,2026-06-16 00:15:51.678088
800,suspensi鈭氣墺n,REP-0477,4.3076923076923075,2026-06-16 00:15:51.678088
801,suspensi鈭氣墺n,REP-0478,4.0,2026-06-16 00:15:51.678088
802,suspensi鈭氣墺n,REP-0479,4.444444444444445,2026-06-16 00:15:51.678088
803,suspensi鈭氣墺n,REP-0480,4.8,2026-06-16 00:15:51.678088
804,suspensi鈭氣墺n,REP-0482,4.4,2026-06-16 00:15:51.678088
805,suspensi鈭氣墺n,REP-0507,4.2105263157894735,2026-06-16 00:15:51.678088
806,suspensi鈭氣墺n,REP-0508,5.0,2026-06-16 00:15:51.678088
807,suspensi鈭氣墺n,REP-0509,4.7272727272727275,2026-06-16 00:15:51.678088
808,suspensi鈭氣墺n,REP-0510,4.0,2026-06-16 00:15:51.678088
809,suspensi鈭氣墺n,REP-0512,5.090909090909091,2026-06-16 00:15:51.678088
810,suspensi鈭氣墺n,REP-0513,4.8,2026-06-16 00:15:51.678088
811,suspensi鈭氣墺n,REP-0514,4.0,2026-06-16 00:15:51.678088
812,suspensi鈭氣墺n,REP-0515,4.266666666666667,2026-06-16 00:15:51.678088
813,suspensi鈭氣墺n,REP-0516,5.6,2026-06-16 00:15:51.678088
814,suspensi鈭氣墺n,REP-0517,8.0,2026-06-16 00:15:51.678088
815,suspensi鈭氣墺n,REP-0518,5.777777777777778,2026-06-16 00:15:51.678088
816,suspensi鈭氣墺n,REP-0519,4.32,2026-06-16 00:15:51.678088
817,suspensi鈭氣墺n,REP-0520,5.333333333333333,2026-06-16 00:15:51.678088
818,suspensi鈭氣墺n,REP-0521,4.545454545454546,2026-06-16 00:15:51.678088
819,suspensi鈭氣墺n,REP-0522,5.230769230769231,2026-06-16 00:15:51.678088
820,suspensi鈭氣墺n,REP-0523,8.0,2026-06-16 00:15:51.678088
821,suspensi鈭氣墺n,REP-0524,4.545454545454546,2026-06-16 00:15:51.678088
822,suspensi鈭氣墺n,REP-0525,4.682926829268292,2026-06-16 00:15:51.678088
823,suspensi鈭氣墺n,REP-0526,4.705882352941177,2026-06-16 00:15:51.678088
824,suspensi鈭氣墺n,REP-0527,4.484848484848484,2026-06-16 00:15:51.678088
825,suspensi鈭氣墺n,REP-0528,4.25,2026-06-16 00:15:51.678088
826,suspensi鈭氣墺n,REP-0529,5.0,2026-06-16 00:15:51.678088
827,suspensi鈭氣墺n,REP-0530,4.588235294117647,2026-06-16 00:15:51.678088
828,suspensi鈭氣墺n,REP-0531,4.571428571428571,2026-06-16 00:15:51.678088
829,suspensi鈭氣墺n,REP-0532,4.0,2026-06-16 00:15:51.678088
830,suspensi鈭氣墺n,REP-0533,4.0,2026-06-16 00:15:51.678088
831,suspensi鈭氣墺n,REP-0534,5.0,2026-06-16 00:15:51.678088
832,suspensi鈭氣墺n,REP-0535,6.0,2026-06-16 00:15:51.678088
833,suspensi鈭氣墺n,REP-0536,4.666666666666667,2026-06-16 00:15:51.678088
834,suspensi鈭氣墺n,REP-0537,4.0,2026-06-16 00:15:51.678088
835,suspensi鈭氣墺n,REP-0623,6.0,2026-06-16 00:15:51.678088
836,suspensi鈭氣墺n,REP-0625,6.0,2026-06-16 00:15:51.678088
837,suspensi鈭氣墺n,REP-0626,4.0,2026-06-16 00:15:51.678088
838,suspensi鈭氣墺n,REP-0628,4.0,2026-06-16 00:15:51.678088
839,suspensi鈭氣墺n,REP-0647,8.0,2026-06-16 00:15:51.678088
840,suspensi鈭氣墺n,REP-0711,5.0,2026-06-16 00:15:51.678088
841,suspensi鈭氣墺n,REP-0712,5.333333333333333,2026-06-16 00:15:51.678088
842,suspensi鈭氣墺n,REP-0713,4.0,2026-06-16 00:15:51.678088
843,suspensi鈭氣墺n,REP-0714,4.0,2026-06-16 00:15:51.678088
844,suspensi鈭氣墺n,REP-0716,4.0,2026-06-16 00:15:51.678088
845,suspensi鈭氣墺n,REP-0723,26.0,2026-06-16 00:15:51.678088
846,suspensi鈭氣墺n,REP-0724,30.0,2026-06-16 00:15:51.678088
847,suspensi鈭氣墺n,REP-0725,33.714285714285715,2026-06-16 00:15:51.678088
848,suspensi鈭氣墺n,REP-0726,22.0,2026-06-16 00:15:51.678088
849,suspensi鈭氣墺n,REP-0727,28.0,2026-06-16 00:15:51.678088
850,suspensi鈭氣墺n,REP-0728,33.0,2026-06-16 00:15:51.678088
851,suspensi鈭氣墺n,REP-0729,5.333333333333333,2026-06-16 00:15:51.678088
852,suspensi鈭氣墺n,REP-0730,4.0,2026-06-16 00:15:51.678088
853,suspensi鈭氣墺n,REP-0731,4.0,2026-06-16 00:15:51.678088
854,suspensi鈭氣墺n,REP-0732,4.0,2026-06-16 00:15:51.678088
855,suspensi鈭氣墺n,REP-0733,5.6,2026-06-16 00:15:51.678088
856,suspensi鈭氣墺n,REP-0734,4.0,2026-06-16 00:15:51.678088
857,suspensi鈭氣墺n,REP-0735,4.0,2026-06-16 00:15:51.678088
858,suspensi鈭氣墺n,REP-0736,4.0,2026-06-16 00:15:51.678088
859,suspensi鈭氣墺n,REP-0737,4.5,2026-06-16 00:15:51.678088
860,suspensi鈭氣墺n,REP-0738,4.666666666666667,2026-06-16 00:15:51.678088
861,suspensi鈭氣墺n,REP-0739,4.0,2026-06-16 00:15:51.678088
862,suspensi鈭氣墺n,REP-0740,4.0,2026-06-16 00:15:51.678088
863,suspensi鈭氣墺n,REP-0741,4.0,2026-06-16 00:15:51.678088
864,suspensi鈭氣墺n,REP-0859,4.0,2026-06-16 00:15:51.678088
865,suspensi鈭氣墺n,REP-0861,12.0,2026-06-16 00:15:51.678088
866,suspensi鈭氣墺n,REP-0864,4.0,2026-06-16 00:15:51.678088
867,suspensi鈭氣墺n,REP-0915,4.0,2026-06-16 00:15:51.678088
868,suspensi鈭氣墺n,REP-0917,4.0,2026-06-16 00:15:51.678088
869,suspensi鈭氣墺n,REP-0920,4.0,2026-06-16 00:15:51.678088
870,suspensi鈭氣墺n,REP-1039,24.0,2026-06-16 00:15:51.678088
871,suspensi鈭氣墺n,SUSPENSION-AMORTIGUADOR,8.0,2026-06-16 00:15:51.678088
872,suspensi鈭氣墺n,SUSPENSION-ESPIRAL,4.0,2026-06-16 00:15:51.678088
873,transmisi鈭氣墺n,REP-0008,11.448275862068966,2026-06-16 00:15:51.678088
874,transmisi鈭氣墺n,REP-0070,15.794871794871796,2026-06-16 00:15:51.678088
875,transmisi鈭氣墺n,REP-0092,6.0,2026-06-16 00:15:51.678088
876,transmisi鈭氣墺n,REP-0098,7.2,2026-06-16 00:15:51.678088
877,transmisi鈭氣墺n,REP-0102,14.0,2026-06-16 00:15:51.678088
878,transmisi鈭氣墺n,REP-0103,8.0,2026-06-16 00:15:51.678088
879,transmisi鈭氣墺n,REP-0107,4.0,2026-06-16 00:15:51.678088
880,transmisi鈭氣墺n,REP-0108,12.0,2026-06-16 00:15:51.678088
881,transmisi鈭氣墺n,REP-0110,4.0,2026-06-16 00:15:51.678088
882,transmisi鈭氣墺n,REP-0111,12.0,2026-06-16 00:15:51.678088
883,transmisi鈭氣墺n,REP-0113,6.0,2026-06-16 00:15:51.678088
884,transmisi鈭氣墺n,REP-0120,4.0,2026-06-16 00:15:51.678088
885,transmisi鈭氣墺n,REP-0122,4.0,2026-06-16 00:15:51.678088
886,transmisi鈭氣墺n,REP-0205,6.666666666666667,2026-06-16 00:15:51.678088
887,transmisi鈭氣墺n,REP-0206,8.0,2026-06-16 00:15:51.678088
888,transmisi鈭氣墺n,REP-0210,4.0,2026-06-16 00:15:51.678088
889,transmisi鈭氣墺n,REP-0285,8.0,2026-06-16 00:15:51.678088
890,transmisi鈭氣墺n,REP-0291,6.0,2026-06-16 00:15:51.678088
891,transmisi鈭氣墺n,REP-0293,4.0,2026-06-16 00:15:51.678088
892,transmisi鈭氣墺n,REP-0296,16.0,2026-06-16 00:15:51.678088
893,transmisi鈭氣墺n,REP-0297,6.0,2026-06-16 00:15:51.678088
894,transmisi鈭氣墺n,REP-0314,13.08108108108108,2026-06-16 00:15:51.678088
895,transmisi鈭氣墺n,REP-0315,12.0,2026-06-16 00:15:51.678088
896,transmisi鈭氣墺n,REP-0316,13.44,2026-06-16 00:15:51.678088
897,transmisi鈭氣墺n,REP-0317,13.666666666666666,2026-06-16 00:15:51.678088
898,transmisi鈭氣墺n,REP-0318,13.333333333333334,2026-06-16 00:15:51.678088
899,transmisi鈭氣墺n,REP-0319,12.666666666666666,2026-06-16 00:15:51.678088
900,transmisi鈭氣墺n,REP-0320,12.355555555555556,2026-06-16 00:15:51.678088
901,transmisi鈭氣墺n,REP-0321,12.380952380952381,2026-06-16 00:15:51.678088
902,transmisi鈭氣墺n,REP-0322,13.696969696969697,2026-06-16 00:15:51.678088
903,transmisi鈭氣墺n,REP-0323,12.869565217391305,2026-06-16 00:15:51.678088
904,transmisi鈭氣墺n,REP-0324,14.333333333333334,2026-06-16 00:15:51.678088
905,transmisi鈭氣墺n,REP-0325,14.588235294117647,2026-06-16 00:15:51.678088
906,transmisi鈭氣墺n,REP-0326,4.5,2026-06-16 00:15:51.678088
907,transmisi鈭氣墺n,REP-0327,4.5,2026-06-16 00:15:51.678088
908,transmisi鈭氣墺n,REP-0328,4.444444444444445,2026-06-16 00:15:51.678088
909,transmisi鈭氣墺n,REP-0329,5.0,2026-06-16 00:15:51.678088
910,transmisi鈭氣墺n,REP-0330,4.0,2026-06-16 00:15:51.678088
911,transmisi鈭氣墺n,REP-0331,4.0,2026-06-16 00:15:51.678088
912,transmisi鈭氣墺n,REP-0332,4.444444444444445,2026-06-16 00:15:51.678088
913,transmisi鈭氣墺n,REP-0333,5.0,2026-06-16 00:15:51.678088
914,transmisi鈭氣墺n,REP-0334,4.285714285714286,2026-06-16 00:15:51.678088
915,transmisi鈭氣墺n,REP-0335,5.333333333333333,2026-06-16 00:15:51.678088
916,transmisi鈭氣墺n,REP-0336,4.0,2026-06-16 00:15:51.678088
917,transmisi鈭氣墺n,REP-0337,4.0,2026-06-16 00:15:51.678088
918,transmisi鈭氣墺n,REP-0338,11.2,2026-06-16 00:15:51.678088
919,transmisi鈭氣墺n,REP-0339,12.0,2026-06-16 00:15:51.678088
920,transmisi鈭氣墺n,REP-0340,9.714285714285714,2026-06-16 00:15:51.678088
921,transmisi鈭氣墺n,REP-0341,11.2,2026-06-16 00:15:51.678088
922,transmisi鈭氣墺n,REP-0343,12.8,2026-06-16 00:15:51.678088
923,transmisi鈭氣墺n,REP-0344,4.0,2026-06-16 00:15:51.678088
924,transmisi鈭氣墺n,REP-0345,6.0,2026-06-16 00:15:51.678088
925,transmisi鈭氣墺n,REP-0347,4.0,2026-06-16 00:15:51.678088
926,transmisi鈭氣墺n,REP-0349,4.0,2026-06-16 00:15:51.678088
927,transmisi鈭氣墺n,REP-0350,4.5,2026-06-16 00:15:51.678088
928,transmisi鈭氣墺n,REP-0351,4.363636363636363,2026-06-16 00:15:51.678088
929,transmisi鈭氣墺n,REP-0352,5.142857142857143,2026-06-16 00:15:51.678088
930,transmisi鈭氣墺n,REP-0353,4.363636363636363,2026-06-16 00:15:51.678088
931,transmisi鈭氣墺n,REP-0354,5.0,2026-06-16 00:15:51.678088
932,transmisi鈭氣墺n,REP-0355,4.363636363636363,2026-06-16 00:15:51.678088
933,transmisi鈭氣墺n,REP-0356,5.6,2026-06-16 00:15:51.678088
934,transmisi鈭氣墺n,REP-0357,4.0,2026-06-16 00:15:51.678088
935,transmisi鈭氣墺n,REP-0358,4.0,2026-06-16 00:15:51.678088
936,transmisi鈭氣墺n,REP-0359,4.0,2026-06-16 00:15:51.678088
937,transmisi鈭氣墺n,REP-0360,4.0,2026-06-16 00:15:51.678088
938,transmisi鈭氣墺n,REP-0361,4.7272727272727275,2026-06-16 00:15:51.678088
939,transmisi鈭氣墺n,REP-0363,4.0,2026-06-16 00:15:51.678088
940,transmisi鈭氣墺n,REP-0364,4.0,2026-06-16 00:15:51.678088
941,transmisi鈭氣墺n,REP-0366,4.0,2026-06-16 00:15:51.678088
942,transmisi鈭氣墺n,REP-0367,4.0,2026-06-16 00:15:51.678088
943,transmisi鈭氣墺n,REP-0368,4.0,2026-06-16 00:15:51.678088
944,transmisi鈭氣墺n,REP-0369,5.6,2026-06-16 00:15:51.678088
945,transmisi鈭氣墺n,REP-0370,4.444444444444445,2026-06-16 00:15:51.678088
946,transmisi鈭氣墺n,REP-0371,4.8,2026-06-16 00:15:51.678088
947,transmisi鈭氣墺n,REP-0372,5.090909090909091,2026-06-16 00:15:51.678088
948,transmisi鈭氣墺n,REP-0373,5.2,2026-06-16 00:15:51.678088
949,transmisi鈭氣墺n,REP-0374,6.0,2026-06-16 00:15:51.678088
950,transmisi鈭氣墺n,REP-0375,4.888888888888889,2026-06-16 00:15:51.678088
951,transmisi鈭氣墺n,REP-0376,4.0,2026-06-16 00:15:51.678088
952,transmisi鈭氣墺n,REP-0377,4.0,2026-06-16 00:15:51.678088
953,transmisi鈭氣墺n,REP-0378,4.571428571428571,2026-06-16 00:15:51.678088
954,transmisi鈭氣墺n,REP-0625,8.0,2026-06-16 00:15:51.678088
955,transmisi鈭氣墺n,REP-0626,4.0,2026-06-16 00:15:51.678088
956,transmisi鈭氣墺n,REP-0628,6.0,2026-06-16 00:15:51.678088
957,transmisi鈭氣墺n,REP-0647,4.0,2026-06-16 00:15:51.678088
958,transmisi鈭氣墺n,REP-0649,4.0,2026-06-16 00:15:51.678088
959,transmisi鈭氣墺n,REP-0652,4.0,2026-06-16 00:15:51.678088
960,transmisi鈭氣墺n,REP-0723,6.0,2026-06-16 00:15:51.678088
961,transmisi鈭氣墺n,REP-0724,12.0,2026-06-16 00:15:51.678088
962,transmisi鈭氣墺n,REP-0725,10.285714285714286,2026-06-16 00:15:51.678088
963,transmisi鈭氣墺n,REP-0726,8.0,2026-06-16 00:15:51.678088
964,transmisi鈭氣墺n,REP-0728,9.0,2026-06-16 00:15:51.678088
965,transmisi鈭氣墺n,REP-0730,4.0,2026-06-16 00:15:51.678088
966,transmisi鈭氣墺n,REP-0736,4.0,2026-06-16 00:15:51.678088
967,transmisi鈭氣墺n,REP-0859,6.0,2026-06-16 00:15:51.678088
968,transmisi鈭氣墺n,REP-0915,4.0,2026-06-16 00:15:51.678088
969,transmisi鈭氣墺n,REP-0917,6.0,2026-06-16 00:15:51.678088
